color:#bababa;[rn]
"image:url(""""http://image.rakuten.co.jp/fi[rn]"
repeat:no[rn]
position:right center;[rn]
left : 10px;[rn]
right : auto;[rn]
decoration:none;[rn]
decoration:none;[rn]
decoration: underline;[rn]
align: middle;[rn]
size: 17px;[rn]
family: Haettenschweiler;[rn]
weight: bold;[rn]
height: 0.1;[rn]
indent: [rn]
left: 1em;[rn]
block;[rn]
align: middle;[rn]
align: middle;[rn]
align: center;[rn]
size: 11px;[rn]
family: Haettenschweiler;[rn]
size: 11px;[rn]
family: Haettenschweiler;[rn]
size: 11px;[rn]
family: Haettenschweiler;[rn]
left: 5px;[rn]
size: 5px;[rn]
family: Haettenschweiler;[rn]
size: 2px;[rn]
size: 3px;[rn]
family: Haettenschweiler;[rn]
80601
bottom:15px;[rn]
bottom:15px;[rn]
size:12px;color:#d32323;}[rn]
wrap:break[rn]
width:0px 0px 0px 3px;[rn]
style:solid;[rn]
color:#bababa;[rn]
"image:url(""""http://image.rakuten.co.jp/fi[rn]"
repeat:no[rn]
position:right center;[rn]
left : 10px;[rn]
right : auto;[rn]
decoration:none;[rn]
decoration:none;[rn]
decoration: underline;[rn]
align: middle;[rn]
size: 17px;[rn]
family: Haettenschweiler;[rn]
weight: bold;[rn]
height: 0.1;[rn]
indent: [rn]
left: 1em;[rn]
block;[rn]
align: middle;[rn]
align: middle;[rn]
align: center;[rn]
size: 11px;[rn]
family: Haettenschweiler;[rn]
size: 11px;[rn]
family: Haettenschweiler;[rn]
size: 11px;[rn]
family: Haettenschweiler;[rn]
left: 5px;[rn]
size: 5px;[rn]
family: Haettenschweiler;[rn]
size: 2px;[rn]
size: 3px;[rn]
family: Haettenschweiler;[rn]
80602
bottom:15px;[rn]
bottom:15px;[rn]
size:12px;color:#d32323;}[rn]
wrap:break[rn]
width:0px 0px 0px 3px;[rn]
style:solid;[rn]
color:#bababa;[rn]
"image:url(""""http://image.rakuten.co.jp/fi[rn]"
repeat:no[rn]
position:right center;[rn]
left : 10px;[rn]
right : auto;[rn]
decoration:none;[rn]
decoration:none;[rn]
decoration: underline;[rn]
align: middle;[rn]
size: 17px;[rn]
family: Haettenschweiler;[rn]
weight: bold;[rn]
height: 0.1;[rn]
indent: [rn]
left: 1em;[rn]
block;[rn]
align: middle;[rn]
align: middle;[rn]
align: center;[rn]
size: 11px;[rn]
family: Haettenschweiler;[rn]
