18-11201,http://tshop.r10s.jp/akibamac/cabinet/03183971/4984824967939.jpg?fitin=700:700,1096.8000,,TV・オーディオ・カメラ > アクセサリー・部品 > カメラ・ビデオカメラ・光学機器用アクセサリー > デジタルカメラ用アクセサリー > その他,パナソニックデジタルカメラ LUMIX専用USB接続ケーブル　DMW-USBC1,,いつでも手軽に充電できるLUMIX専用USBケーブルです。（※USB充電はDMC-TZ30/SZ7/FX80/FH8に対応）,パナソニックデジタルカメラ LUMIX専用USB接続ケーブル　DMW-USBC1：ソフマップ　デジタルコレクション,ソフマップ デジタルコレクションSofmap Digital CollectionパソコンタブレットPCHDDアセンブリパーツパソコンパーツテレビゲームブルーレイソフトDVDソフト液晶テレビブルーレイディスクレコーダーデジタル一眼レフカメラデジタルカメラ家電時計中古　ソフトアウトレット中古ノートパソコン中古パソコンパナソニックデジタルカメラ LUMIX専用USB接続ケーブル　DMW-USBC1,パナソニックデジタルカメラ LUMIX専用USB接続ケーブル　DMW-USBC1[rn]
18-11202,http://tshop.r10s.jp/akibamac/cabinet/03183971/0085126929503.jpg?fitin=700:700,313.6000,,TV・オーディオ・カメラ > アクセサリー・部品 > カメラ・ビデオカメラ・光学機器用アクセサリー > デジタルカメラ用アクセサリー > その他,シグマリアキャップ LCR-NA II,,レンズのマウント部に取り付けるキャップです。（ニコン用）,シグマリアキャップ LCR-NA II：ソフマップ　デジタルコレクション,ソフマップ デジタルコレクションSofmap Digital CollectionパソコンタブレットPCHDDアセンブリパーツパソコンパーツテレビゲームブルーレイソフトDVDソフト液晶テレビブルーレイディスクレコーダーデジタル一眼レフカメラデジタルカメラ家電時計中古　ソフトアウトレット中古ノートパソコン中古パソコンシグマリアキャップ LCR-NA II,シグマリアキャップ LCR-NA II[rn]
18-11203,http://tshop.r10s.jp/akibamac/cabinet/04220583/0085126930745.jpg?fitin=700:700,17232.0000,,TV・オーディオ・カメラ > アクセサリー・部品 > カメラ・ビデオカメラ・光学機器用アクセサリー > デジタルカメラ用アクセサリー > その他,【送料無料】SIGMA105mm WR UV,,"紫外線を吸収し、晴天時の撮影に発生する青みがかりを防ぎ、晴天時の風景・人物・スナップなどの一般撮影に効果を発揮します。
またこのフィルターは無色で色再現に影響しないため、常用フィルターとしても最適です。",【送料無料】SIGMA105mm WR UV：ソフマップ　デジタルコレクション,ソフマップ デジタルコレクションSofmap Digital CollectionパソコンタブレットPCHDDアセンブリパーツパソコンパーツテレビゲームブルーレイソフトDVDソフト液晶テレビブルーレイディスクレコーダーデジタル一眼レフカメラデジタルカメラ家電時計中古　ソフトアウトレット中古ノートパソコン中古パソコン【送料無料】SIGMA105mm WR UV,【送料無料】SIGMA105mm WR UV[rn]
18-11204,http://tshop.r10s.jp/akibamac/cabinet/03237776/4902520263216.jpg?fitin=700:700,381.6000,,TV・オーディオ・カメラ > アクセサリー・部品 > カメラ・ビデオカメラ・光学機器用アクセサリー > デジタルカメラ用アクセサリー > その他,FUJIFILM/富士フイルム防水プロテクターシリカゲルセット　SST-01,,アクセサリー：防水プロテクターの消耗品■レンズの曇りを低減する乾燥剤です。,FUJIFILM/富士フイルム防水プロテクターシリカゲルセット　SST-01：ソフマップ　デジタルコレクション,ソフマップ デジタルコレクションSofmap Digital CollectionパソコンタブレットPCHDDアセンブリパーツパソコンパーツテレビゲームブルーレイソフトDVDソフト液晶テレビブルーレイディスクレコーダーデジタル一眼レフカメラデジタルカメラ家電時計中古　ソフトアウトレット中古ノートパソコン中古パソコンFUJIFILM/富士フイルム防水プロテクターシリカゲルセット　SST-01,FUJIFILM/富士フイルム防水プロテクターシリカゲルセット　SST-01[rn]
18-11205,http://tshop.r10s.jp/akibamac/cabinet/01786139/4960999246727.jpg?fitin=700:700,1704.0000,,TV・オーディオ・カメラ > アクセサリー・部品 > カメラ・ビデオカメラ・光学機器用アクセサリー > デジタルカメラ用アクセサリー > その他,キヤノン ウォータープルーフケースウェイト　WW-DC1,,浮力調整用錘キット。（1枚60gの錘が4枚付属）,キヤノン ウォータープルーフケースウェイト　WW-DC1：ソフマップ　デジタルコレクション,ソフマップ デジタルコレクションSofmap Digital CollectionパソコンタブレットPCHDDアセンブリパーツパソコンパーツテレビゲームブルーレイソフトDVDソフト液晶テレビブルーレイディスクレコーダーデジタル一眼レフカメラデジタルカメラ家電時計中古　ソフトアウトレット中古ノートパソコン中古パソコンキヤノン ウォータープルーフケースウェイト　WW-DC1,キヤノン ウォータープルーフケースウェイト　WW-DC1[rn]
18-11206,http://tshop.r10s.jp/akibamac/cabinet/03183971/4545350026264.jpg?fitin=700:700,1480.0000,,TV・オーディオ・カメラ > アクセサリー・部品 > カメラ・ビデオカメラ・光学機器用アクセサリー > デジタルカメラ用アクセサリー > その他,オリンパスメンテナンスセット PMS-02,,防水プロテクター用のメンテナンスセットです。,オリンパスメンテナンスセット PMS-02：ソフマップ　デジタルコレクション,ソフマップ デジタルコレクションSofmap Digital CollectionパソコンタブレットPCHDDアセンブリパーツパソコンパーツテレビゲームブルーレイソフトDVDソフト液晶テレビブルーレイディスクレコーダーデジタル一眼レフカメラデジタルカメラ家電時計中古　ソフトアウトレット中古ノートパソコン中古パソコンオリンパスメンテナンスセット PMS-02,オリンパスメンテナンスセット PMS-02[rn]
18-11207,http://tshop.r10s.jp/akibamac/cabinet/03950460/0085126824624.jpg?fitin=700:700,17008.0000,,TV・オーディオ・カメラ > アクセサリー・部品 > カメラ・ビデオカメラ・光学機器用アクセサリー > デジタルカメラ用アクセサリー > その他,【送料無料】SIGMAAPO TELE CONVERTER 1.4x EX DG （ソニー）,,ソニーHSM・デジタル対応で新登場！　シグマ望遠レンズ専用テレコンコンバーターを使用することで、さらに焦点距離の長いレンズを手にする事ができ、望遠レンズの撮影時のフットワークを高めることが可能となります。,【送料無料】SIGMAAPO TELE CONVERTER 1.4x EX DG （ソニー）：ソフマップ　デジタルコレクション,ソフマップ デジタルコレクションSofmap Digital CollectionパソコンタブレットPCHDDアセンブリパーツパソコンパーツテレビゲームブルーレイソフトDVDソフト液晶テレビブルーレイディスクレコーダーデジタル一眼レフカメラデジタルカメラ家電時計中古　ソフトアウトレット中古ノートパソコン中古パソコン【送料無料】SIGMAAPO TELE CONVERTER 1.4x EX DG （ソニー）,【送料無料】SIGMAAPO TELE CONVERTER 1.4x EX DG （ソニー）[rn]
18-11208,http://tshop.r10s.jp/akibamac/cabinet/03950460/0085126927356.jpg?fitin=700:700,17852.0000,,TV・オーディオ・カメラ > アクセサリー・部品 > カメラ・ビデオカメラ・光学機器用アクセサリー > デジタルカメラ用アクセサリー > その他,【送料無料】SIGMAELECTRONIC FLASH EF-610 DG SUPER （ソニー）,,ガイドナンバー61の多機能大光量オートフラッシュ,【送料無料】SIGMAELECTRONIC FLASH EF-610 DG SUPER （ソニー）：ソフマップ　デジタルコレクション,ソフマップ デジタルコレクションSofmap Digital CollectionパソコンタブレットPCHDDアセンブリパーツパソコンパーツテレビゲームブルーレイソフトDVDソフト液晶テレビブルーレイディスクレコーダーデジタル一眼レフカメラデジタルカメラ家電時計中古　ソフトアウトレット中古ノートパソコン中古パソコン【送料無料】SIGMAELECTRONIC FLASH EF-610 DG SUPER （ソニー）,【送料無料】SIGMAELECTRONIC FLASH EF-610 DG SUPER （ソニー）[rn]
18-11209,http://tshop.r10s.jp/akibamac/cabinet/02225917/4961311855030.jpg?fitin=700:700,3416.0000,,TV・オーディオ・カメラ > アクセサリー・部品 > カメラ・ビデオカメラ・光学機器用アクセサリー > デジタルカメラ用アクセサリー > その他,RICHO/リコー ACアダプター AC-5,,大量の枚数を撮影するときや、パソコンへの画像転送時など、屋内でデジタルカメラを使用するときに、家庭用コンセントから電源を供給できます。バッテリー残量を気にせず快適。また、バッテリーの充電頻度を低減し、寿命を延ばす意味でも有効なアクセサリーです。100～240V、50／60Hz対応。,RICHO/リコー ACアダプター AC-5：ソフマップ　デジタルコレクション,ソフマップ デジタルコレクションSofmap Digital CollectionパソコンタブレットPCHDDアセンブリパーツパソコンパーツテレビゲームブルーレイソフトDVDソフト液晶テレビブルーレイディスクレコーダーデジタル一眼レフカメラデジタルカメラ家電時計中古　ソフトアウトレット中古ノートパソコン中古パソコンRICHO/リコー ACアダプター AC-5,RICHO/リコー ACアダプター AC-5[rn]
18-11210,http://tshop.r10s.jp/akibamac/cabinet/04229557/4961607342428.jpg?fitin=700:700,896.0000,,TV・オーディオ・カメラ > アクセサリー・部品 > カメラ・ビデオカメラ・光学機器用アクセサリー > デジタルカメラ用アクセサリー > その他,ケンコー40.5 S PRO-ND4,,プロNDはニュートラル性が極めて高く、色再現性に優れた中性灰色のフィルターです。,ケンコー40.5 S PRO-ND4：ソフマップ　デジタルコレクション,ソフマップ デジタルコレクションSofmap Digital CollectionパソコンタブレットPCHDDアセンブリパーツパソコンパーツテレビゲームブルーレイソフトDVDソフト液晶テレビブルーレイディスクレコーダーデジタル一眼レフカメラデジタルカメラ家電時計中古　ソフトアウトレット中古ノートパソコン中古パソコンケンコー40.5 S PRO-ND4,ケンコー40.5 S PRO-ND4[rn]
18-11211,http://tshop.r10s.jp/akibamac/cabinet/04927126/4961607878378.jpg?fitin=700:700,3208.0000,,TV・オーディオ・カメラ > アクセサリー・部品 > カメラ・ビデオカメラ・光学機器用アクセサリー > デジタルカメラ用アクセサリー > その他,ケンコーKARITES 液晶保護ガラス（キヤノンEOS5Dマーク4専用）KKGCEOS5DM4,,液晶画面をキズ・汚れから守る。美しさ、強さ、貼りやすさを追求した究極の保護ガラスです。<br><br>■KARITES (カリテス )とは…<br>ギリシャ神話に登場する、美と優雅をつかさどる三美神のこと。これまでにない「強さ」「美しさ」「貼りやすさ」を誇る本製品の圧倒的な性能が、神様のようにしっかりと守る存在であることを表しています。<br><br>■強く美しい光学ガラス<br>薄さ0.21mmながら硬度9H以上の強度で、液晶画面を衝撃やキズからしっかりと守ります。また、反射低減のARコートを施し、95.0%以上の高い透過性とともに特に屋外での視認性を向上させ「見えのよい」保護ガラスを実現しました。<br><br>■日本国内加工による極上のタッチ感<br>ガラスのカッティングから「防汚・指紋防止加工」「ラウンドエッジ加工」、梱包にいたるまですべての工程を日本国内で行うことで品質を追求、タッチパネル操作時もなめらかな使用感で快適にご使用いただけます。<br><br>■「究極」に貼りやすい、新考案「取っ手シール」<br>新考案のガイドシール「取っ手シール」を採用。従来貼付けしづらかった液晶ガラスが、「置く」「押す」「はがす」の簡単3ステップで素早くキレイに貼り付けることができます。<br><br>■表示パネル用保護フィルム付<br><br>【製品仕様】<br>■キヤノンEOS5Dマーク4専用,ケンコーKARITES 液晶保護ガラス（キヤノンEOS5Dマーク4専用）KKGCEOS5DM4：ソフマップ　デジタルコレクション,ソフマップ デジタルコレクションSofmap Digital CollectionパソコンタブレットPCHDDアセンブリパーツパソコンパーツテレビゲームブルーレイソフトDVDソフト液晶テレビブルーレイディスクレコーダーデジタル一眼レフカメラデジタルカメラ家電時計中古　ソフトアウトレット中古ノートパソコン中古パソコンケンコーKARITES 液晶保護ガラス（キヤノンEOS5Dマーク4専用）KKGCEOS5DM4,ケンコーKARITES 液晶保護ガラス（キヤノンEOS5Dマーク4専用）KKGCEOS5DM4[rn]
18-11212,http://tshop.r10s.jp/akibamac/cabinet/04230358/4957638711258.jpg?fitin=700:700,478.4000,,TV・オーディオ・カメラ > アクセサリー・部品 > カメラ・ビデオカメラ・光学機器用アクセサリー > デジタルカメラ用アクセサリー > その他,マルミ光機フィルターソフトケース S（シルバー）,,52mm径までのフィルターを5枚収納可能な、ソフトタイプのフィルターケースです。,マルミ光機フィルターソフトケース S（シルバー）：ソフマップ　デジタルコレクション,ソフマップ デジタルコレクションSofmap Digital CollectionパソコンタブレットPCHDDアセンブリパーツパソコンパーツテレビゲームブルーレイソフトDVDソフト液晶テレビブルーレイディスクレコーダーデジタル一眼レフカメラデジタルカメラ家電時計中古　ソフトアウトレット中古ノートパソコン中古パソコンマルミ光機フィルターソフトケース S（シルバー）,マルミ光機フィルターソフトケース S（シルバー）[rn]
18-11213,http://tshop.r10s.jp/akibamac/cabinet/04229557/4961607065532.jpg?fitin=700:700,2440.0000,,TV・オーディオ・カメラ > アクセサリー・部品 > カメラ・ビデオカメラ・光学機器用アクセサリー > デジタルカメラ用アクセサリー > その他,ケンコー55mm PRO ND500 フィルター,,真空蒸着技術で特殊なコーティングを施すことにより製造されたニュートラル性の高いND（減光）フィルター。ND500は光量を1/500に、9絞り分減光します。,ケンコー55mm PRO ND500 フィルター：ソフマップ　デジタルコレクション,ソフマップ デジタルコレクションSofmap Digital CollectionパソコンタブレットPCHDDアセンブリパーツパソコンパーツテレビゲームブルーレイソフトDVDソフト液晶テレビブルーレイディスクレコーダーデジタル一眼レフカメラデジタルカメラ家電時計中古　ソフトアウトレット中古ノートパソコン中古パソコンケンコー55mm PRO ND500 フィルター,ケンコー55mm PRO ND500 フィルター[rn]
18-11214,http://tshop.r10s.jp/akibamac/cabinet/01786139/4902520272515.jpg?fitin=700:700,2104.0000,,TV・オーディオ・カメラ > アクセサリー・部品 > カメラ・ビデオカメラ・光学機器用アクセサリー > デジタルカメラ用アクセサリー > その他,FUJIFILM/富士フイルムACパワーアダプター　AC-5VX,,アクセサリー：ACアダプター■ 専用ACパワーアダプターです。■ AC100V～240V、50Hz/60Hz※ カメラ本体に、付属されている場合があります。,FUJIFILM/富士フイルムACパワーアダプター　AC-5VX：ソフマップ　デジタルコレクション,ソフマップ デジタルコレクションSofmap Digital CollectionパソコンタブレットPCHDDアセンブリパーツパソコンパーツテレビゲームブルーレイソフトDVDソフト液晶テレビブルーレイディスクレコーダーデジタル一眼レフカメラデジタルカメラ家電時計中古　ソフトアウトレット中古ノートパソコン中古パソコンFUJIFILM/富士フイルムACパワーアダプター　AC-5VX,FUJIFILM/富士フイルムACパワーアダプター　AC-5VX[rn]
18-11215,http://tshop.r10s.jp/akibamac/cabinet/03183971/4960759126535.jpg?fitin=700:700,14104.0000,,TV・オーディオ・カメラ > アクセサリー・部品 > カメラ・ビデオカメラ・光学機器用アクセサリー > デジタルカメラ用アクセサリー > その他,【送料無料】ニコンWC-E76 （ワイドコンバーターレンズ）,,COOLPIX P6000用ワイドコンバーターレンズ。※別売りのアダプターリングUR-E21が必要です。,【送料無料】ニコンWC-E76 （ワイドコンバーターレンズ）：ソフマップ　デジタルコレクション,ソフマップ デジタルコレクションSofmap Digital CollectionパソコンタブレットPCHDDアセンブリパーツパソコンパーツテレビゲームブルーレイソフトDVDソフト液晶テレビブルーレイディスクレコーダーデジタル一眼レフカメラデジタルカメラ家電時計中古　ソフトアウトレット中古ノートパソコン中古パソコン【送料無料】ニコンWC-E76 （ワイドコンバーターレンズ）,【送料無料】ニコンWC-E76 （ワイドコンバーターレンズ）[rn]
18-11216,http://tshop.r10s.jp/akibamac/cabinet/03089492/4960759131560.jpg?fitin=700:700,1512.0000,,TV・オーディオ・カメラ > アクセサリー・部品 > カメラ・ビデオカメラ・光学機器用アクセサリー > デジタルカメラ用アクセサリー > その他,ニコン 単3電池ホルダー　MS-D14,,単3電池ホルダーです。,ニコン 単3電池ホルダー　MS-D14：ソフマップ　デジタルコレクション,ソフマップ デジタルコレクションSofmap Digital CollectionパソコンタブレットPCHDDアセンブリパーツパソコンパーツテレビゲームブルーレイソフトDVDソフト液晶テレビブルーレイディスクレコーダーデジタル一眼レフカメラデジタルカメラ家電時計中古　ソフトアウトレット中古ノートパソコン中古パソコンニコン 単3電池ホルダー　MS-D14,ニコン 単3電池ホルダー　MS-D14[rn]
18-11217,http://tshop.r10s.jp/akibamac/cabinet/03183971/4960999505633.jpg?fitin=700:700,976.0000,,TV・オーディオ・カメラ > アクセサリー・部品 > カメラ・ビデオカメラ・光学機器用アクセサリー > デジタルカメラ用アクセサリー > その他,キヤノン視度補正レンズEd +1.5,,近視や遠視の方でも眼鏡なしの撮影が楽しめます。,キヤノン視度補正レンズEd +1.5：ソフマップ　デジタルコレクション,ソフマップ デジタルコレクションSofmap Digital CollectionパソコンタブレットPCHDDアセンブリパーツパソコンパーツテレビゲームブルーレイソフトDVDソフト液晶テレビブルーレイディスクレコーダーデジタル一眼レフカメラデジタルカメラ家電時計中古　ソフトアウトレット中古ノートパソコン中古パソコンキヤノン視度補正レンズEd +1.5,キヤノン視度補正レンズEd +1.5[rn]
18-11218,http://tshop.r10s.jp/akibamac/cabinet/03237776/4960759123121.jpg?fitin=700:700,4176.0000,,TV・オーディオ・カメラ > アクセサリー・部品 > カメラ・ビデオカメラ・光学機器用アクセサリー > デジタルカメラ用アクセサリー > その他,【送料無料】Nikon/ニコンGPS変換コード MC-35,,インターフェース規格NMEA0183 Ver.2.01に準拠。市販のGPS機器に接続し、撮影時の緯度、軽度、経度、標高などを記録できます。,【送料無料】Nikon/ニコンGPS変換コード MC-35：ソフマップ　デジタルコレクション,ソフマップ デジタルコレクションSofmap Digital CollectionパソコンタブレットPCHDDアセンブリパーツパソコンパーツテレビゲームブルーレイソフトDVDソフト液晶テレビブルーレイディスクレコーダーデジタル一眼レフカメラデジタルカメラ家電時計中古　ソフトアウトレット中古ノートパソコン中古パソコン【送料無料】Nikon/ニコンGPS変換コード MC-35,【送料無料】Nikon/ニコンGPS変換コード MC-35[rn]
18-11219,http://tshop.r10s.jp/akibamac/cabinet/03950460/0085126922627.jpg?fitin=700:700,27000.0000,,TV・オーディオ・カメラ > アクセサリー・部品 > カメラ・ビデオカメラ・光学機器用アクセサリー > デジタルカメラ用アクセサリー > その他,【送料無料】SIGMAELECTRONIC FLASH MACRO EM-140 DG PA-PTTL （ペンタックス用）,,最新のデジタル一眼レフカメラに対応した、多機能なマクロフラッシュ。,【送料無料】SIGMAELECTRONIC FLASH MACRO EM-140 DG PA-PTTL （ペンタックス用）：ソフマップ　デジタルコレクション,ソフマップ デジタルコレクションSofmap Digital CollectionパソコンタブレットPCHDDアセンブリパーツパソコンパーツテレビゲームブルーレイソフトDVDソフト液晶テレビブルーレイディスクレコーダーデジタル一眼レフカメラデジタルカメラ家電時計中古　ソフトアウトレット中古ノートパソコン中古パソコン【送料無料】SIGMAELECTRONIC FLASH MACRO EM-140 DG PA-PTTL （ペンタックス用）,【送料無料】SIGMAELECTRONIC FLASH MACRO EM-140 DG PA-PTTL （ペンタックス用）[rn]
18-11220,http://tshop.r10s.jp/akibamac/cabinet/04220583/0085126930783.jpg?fitin=700:700,6808.0000,,TV・オーディオ・カメラ > アクセサリー・部品 > カメラ・ビデオカメラ・光学機器用アクセサリー > デジタルカメラ用アクセサリー > その他,【送料無料】SIGMA55mm WR CIRCULAR PL,,ガラスや水面の反射を取り除く効果や、風景写真などでコントラストを高める効果があります。,【送料無料】SIGMA55mm WR CIRCULAR PL：ソフマップ　デジタルコレクション,ソフマップ デジタルコレクションSofmap Digital CollectionパソコンタブレットPCHDDアセンブリパーツパソコンパーツテレビゲームブルーレイソフトDVDソフト液晶テレビブルーレイディスクレコーダーデジタル一眼レフカメラデジタルカメラ家電時計中古　ソフトアウトレット中古ノートパソコン中古パソコン【送料無料】SIGMA55mm WR CIRCULAR PL,【送料無料】SIGMA55mm WR CIRCULAR PL[rn]
18-11221,http://tshop.r10s.jp/akibamac/cabinet/01786139/4960999627601.jpg?fitin=700:700,2704.0000,,TV・オーディオ・カメラ > アクセサリー・部品 > カメラ・ビデオカメラ・光学機器用アクセサリー > デジタルカメラ用アクセサリー > その他,Canon/キヤノン DCカプラー　DR-E6,,■対応機種： EOS 5D Mark II,Canon/キヤノン DCカプラー　DR-E6：ソフマップ　デジタルコレクション,ソフマップ デジタルコレクションSofmap Digital CollectionパソコンタブレットPCHDDアセンブリパーツパソコンパーツテレビゲームブルーレイソフトDVDソフト液晶テレビブルーレイディスクレコーダーデジタル一眼レフカメラデジタルカメラ家電時計中古　ソフトアウトレット中古ノートパソコン中古パソコンCanon/キヤノン DCカプラー　DR-E6,Canon/キヤノン DCカプラー　DR-E6[rn]
18-11222,http://tshop.r10s.jp/akibamac/cabinet/02225917/4960759136602.jpg?fitin=700:700,1176.0000,,TV・オーディオ・カメラ > アクセサリー・部品 > カメラ・ビデオカメラ・光学機器用アクセサリー > デジタルカメラ用アクセサリー > その他,Nikon/ニコン写り込み防止リング　WP-IR1000,,■Nikon1 J2 / J1対応のウォータープルーフケース WP-N1用の写り込み防止リングです。■レンズの先端に取り付けることにより、レンズ前面の文字がレンズ窓に反射して写り込むことを防止します。※ウォータープルーフケース WP-N1 標準付属品,Nikon/ニコン写り込み防止リング　WP-IR1000：ソフマップ　デジタルコレクション,ソフマップ デジタルコレクションSofmap Digital CollectionパソコンタブレットPCHDDアセンブリパーツパソコンパーツテレビゲームブルーレイソフトDVDソフト液晶テレビブルーレイディスクレコーダーデジタル一眼レフカメラデジタルカメラ家電時計中古　ソフトアウトレット中古ノートパソコン中古パソコンNikon/ニコン写り込み防止リング　WP-IR1000,Nikon/ニコン写り込み防止リング　WP-IR1000[rn]
18-11223,http://tshop.r10s.jp/akibamac/cabinet/04946799/4960759148841.jpg?fitin=700:700,12291.2000,,TV・オーディオ・カメラ > アクセサリー・部品 > カメラ・ビデオカメラ・光学機器用アクセサリー > デジタルカメラ用アクセサリー > その他,【送料無料】ニコンLi-ionリチャージャブルバッテリー EN-EL18b,,【対応カメラ】Nikon D5、D4S、D4　【容量】2000mAh,【送料無料】ニコンLi-ionリチャージャブルバッテリー EN-EL18b：ソフマップ　デジタルコレクション,ソフマップ デジタルコレクションSofmap Digital CollectionパソコンタブレットPCHDDアセンブリパーツパソコンパーツテレビゲームブルーレイソフトDVDソフト液晶テレビブルーレイディスクレコーダーデジタル一眼レフカメラデジタルカメラ家電時計中古　ソフトアウトレット中古ノートパソコン中古パソコン【送料無料】ニコンLi-ionリチャージャブルバッテリー EN-EL18b,【送料無料】ニコンLi-ionリチャージャブルバッテリー EN-EL18b[rn]
18-11224,http://tshop.r10s.jp/akibamac/cabinet/01786139/4545350033064.jpg?fitin=700:700,4168.0000,,TV・オーディオ・カメラ > アクセサリー・部品 > カメラ・ビデオカメラ・光学機器用アクセサリー > デジタルカメラ用アクセサリー > その他,【送料無料】OLYMPUS/オリンパス コミュニケーションユニット OLYMPUS PENPAL PP-1,,写真を簡単かつ瞬時に送って、家族や友人たちとどこででも一緒に写真を共有して楽しむことができるコミュニケーションユニット,【送料無料】OLYMPUS/オリンパス コミュニケーションユニット OLYMPUS PENPAL PP-1：ソフマップ　デジタルコレクション,ソフマップ デジタルコレクションSofmap Digital CollectionパソコンタブレットPCHDDアセンブリパーツパソコンパーツテレビゲームブルーレイソフトDVDソフト液晶テレビブルーレイディスクレコーダーデジタル一眼レフカメラデジタルカメラ家電時計中古　ソフトアウトレット中古ノートパソコン中古パソコン【送料無料】OLYMPUS/オリンパス コミュニケーションユニット OLYMPUS PENPAL PP-1,【送料無料】OLYMPUS/オリンパス コミュニケーションユニット OLYMPUS PENPAL PP-1[rn]
18-11225,http://tshop.r10s.jp/akibamac/cabinet/04720349/4545350042981.jpg?fitin=700:700,1248.0000,,TV・オーディオ・カメラ > アクセサリー・部品 > カメラ・ビデオカメラ・光学機器用アクセサリー > デジタルカメラ用アクセサリー > その他,OLYMPUS/オリンパス PT-054用Oリング　PLO-054,,防水プロテクター　PT-054用Oリングです。,OLYMPUS/オリンパス PT-054用Oリング　PLO-054：ソフマップ　デジタルコレクション,ソフマップ デジタルコレクションSofmap Digital CollectionパソコンタブレットPCHDDアセンブリパーツパソコンパーツテレビゲームブルーレイソフトDVDソフト液晶テレビブルーレイディスクレコーダーデジタル一眼レフカメラデジタルカメラ家電時計中古　ソフトアウトレット中古ノートパソコン中古パソコンOLYMPUS/オリンパス PT-054用Oリング　PLO-054,OLYMPUS/オリンパス PT-054用Oリング　PLO-054[rn]
18-11226,http://tshop.r10s.jp/akibamac/cabinet/04927126/4549212299209.jpg?fitin=700:700,6563.2000,,TV・オーディオ・カメラ > アクセサリー・部品 > カメラ・ビデオカメラ・光学機器用アクセサリー > デジタルカメラ用アクセサリー > その他,【送料無料】リコー ACアダプターキット K-AC167J,,「PENTAX KP」対応のACアダプターです。,【送料無料】リコー ACアダプターキット K-AC167J：ソフマップ　デジタルコレクション,ソフマップ デジタルコレクションSofmap Digital CollectionパソコンタブレットPCHDDアセンブリパーツパソコンパーツテレビゲームブルーレイソフトDVDソフト液晶テレビブルーレイディスクレコーダーデジタル一眼レフカメラデジタルカメラ家電時計中古　ソフトアウトレット中古ノートパソコン中古パソコン【送料無料】リコー ACアダプターキット K-AC167J,【送料無料】リコー ACアダプターキット K-AC167J[rn]
18-11227,http://tshop.r10s.jp/akibamac/cabinet/02225917/4905524834413.jpg?fitin=700:700,800.0000,,TV・オーディオ・カメラ > アクセサリー・部品 > カメラ・ビデオカメラ・光学機器用アクセサリー > デジタルカメラ用アクセサリー > その他,SONY/ソニー  アイピースカップ FDA-EP12,,,SONY/ソニー  アイピースカップ FDA-EP12：ソフマップ　デジタルコレクション,ソフマップ デジタルコレクションSofmap Digital CollectionパソコンタブレットPCHDDアセンブリパーツパソコンパーツテレビゲームブルーレイソフトDVDソフト液晶テレビブルーレイディスクレコーダーデジタル一眼レフカメラデジタルカメラ家電時計中古　ソフトアウトレット中古ノートパソコン中古パソコンSONY/ソニー  アイピースカップ FDA-EP12,SONY/ソニー  アイピースカップ FDA-EP12[rn]
18-11228,http://tshop.r10s.jp/akibamac/cabinet/03089492/4960999795898.jpg?fitin=700:700,644.8000,,TV・オーディオ・カメラ > アクセサリー・部品 > カメラ・ビデオカメラ・光学機器用アクセサリー > デジタルカメラ用アクセサリー > その他,Canon/キヤノン レンズキャップ（82mm）　E-82II,,82mm用のレンズキャップです。,Canon/キヤノン レンズキャップ（82mm）　E-82II：ソフマップ　デジタルコレクション,ソフマップ デジタルコレクションSofmap Digital CollectionパソコンタブレットPCHDDアセンブリパーツパソコンパーツテレビゲームブルーレイソフトDVDソフト液晶テレビブルーレイディスクレコーダーデジタル一眼レフカメラデジタルカメラ家電時計中古　ソフトアウトレット中古ノートパソコン中古パソコンCanon/キヤノン レンズキャップ（82mm）　E-82II,Canon/キヤノン レンズキャップ（82mm）　E-82II[rn]
18-11229,http://tshop.r10s.jp/akibamac/cabinet/04229557/4961607158371.jpg?fitin=700:700,2104.0000,,TV・オーディオ・カメラ > アクセサリー・部品 > カメラ・ビデオカメラ・光学機器用アクセサリー > デジタルカメラ用アクセサリー > その他,ケンコー58mm R1 プロフェッショナル,,スーパーマルチコート採用の最新プロフェッショナル仕様モノクロ用フィルター。フィルター面の反射を抑え、必要な効果のみを付け加えることができます。,ケンコー58mm R1 プロフェッショナル：ソフマップ　デジタルコレクション,ソフマップ デジタルコレクションSofmap Digital CollectionパソコンタブレットPCHDDアセンブリパーツパソコンパーツテレビゲームブルーレイソフトDVDソフト液晶テレビブルーレイディスクレコーダーデジタル一眼レフカメラデジタルカメラ家電時計中古　ソフトアウトレット中古ノートパソコン中古パソコンケンコー58mm R1 プロフェッショナル,ケンコー58mm R1 プロフェッショナル[rn]
18-11230,http://tshop.r10s.jp/akibamac/cabinet/04229557/4961607362624.jpg?fitin=700:700,1248.0000,,TV・オーディオ・カメラ > アクセサリー・部品 > カメラ・ビデオカメラ・光学機器用アクセサリー > デジタルカメラ用アクセサリー > その他,ケンコー62mm PRO ND8 フィルター,,色彩に影響を与えず光量だけを減少させるフィルターで、このND8は3絞り分の光量を調節します。,ケンコー62mm PRO ND8 フィルター：ソフマップ　デジタルコレクション,ソフマップ デジタルコレクションSofmap Digital CollectionパソコンタブレットPCHDDアセンブリパーツパソコンパーツテレビゲームブルーレイソフトDVDソフト液晶テレビブルーレイディスクレコーダーデジタル一眼レフカメラデジタルカメラ家電時計中古　ソフトアウトレット中古ノートパソコン中古パソコンケンコー62mm PRO ND8 フィルター,ケンコー62mm PRO ND8 フィルター[rn]
18-11231,http://tshop.r10s.jp/akibamac/cabinet/04229557/4961607349724.jpg?fitin=700:700,808.0000,,TV・オーディオ・カメラ > アクセサリー・部品 > カメラ・ビデオカメラ・光学機器用アクセサリー > デジタルカメラ用アクセサリー > その他,ケンコー49mm MC クローズアップレンズ No.2,,フィルター感覚で扱える単玉タイプのもっともポピュラーなクローズアップレンズ。,ケンコー49mm MC クローズアップレンズ No.2：ソフマップ　デジタルコレクション,ソフマップ デジタルコレクションSofmap Digital CollectionパソコンタブレットPCHDDアセンブリパーツパソコンパーツテレビゲームブルーレイソフトDVDソフト液晶テレビブルーレイディスクレコーダーデジタル一眼レフカメラデジタルカメラ家電時計中古　ソフトアウトレット中古ノートパソコン中古パソコンケンコー49mm MC クローズアップレンズ No.2,ケンコー49mm MC クローズアップレンズ No.2[rn]
18-11232,http://tshop.r10s.jp/akibamac/cabinet/04632218/8024221621709.jpg?fitin=700:700,6520.0000,,TV・オーディオ・カメラ > アクセサリー・部品 > カメラ・ビデオカメラ・光学機器用アクセサリー > デジタルカメラ用アクセサリー > その他,【送料無料】GITZO(ジッツオ)クイックリリースプレートロングD GS5370LD,,ジッツオDプロファイルロングプレートです。ジッツオDプロファイルクイックリリース雲台に対応し、アルカスイス型のものに互換性があります。,【送料無料】GITZO(ジッツオ)クイックリリースプレートロングD GS5370LD：ソフマップ　デジタルコレクション,ソフマップ デジタルコレクションSofmap Digital CollectionパソコンタブレットPCHDDアセンブリパーツパソコンパーツテレビゲームブルーレイソフトDVDソフト液晶テレビブルーレイディスクレコーダーデジタル一眼レフカメラデジタルカメラ家電時計中古　ソフトアウトレット中古ノートパソコン中古パソコン【送料無料】GITZO(ジッツオ)クイックリリースプレートロングD GS5370LD,【送料無料】GITZO(ジッツオ)クイックリリースプレートロングD GS5370LD[rn]
18-11233,http://tshop.r10s.jp/akibamac/cabinet/03237776/4975981800993.jpg?fitin=700:700,1200.0000,,TV・オーディオ・カメラ > アクセサリー・部品 > カメラ・ビデオカメラ・光学機器用アクセサリー > デジタルカメラ用アクセサリー > その他,エツミ アルミ写真額 （ワイド四切／ブラック） E-8009,,あなたの作品がさらに引き立つアルミ製フレームです。,エツミ アルミ写真額 （ワイド四切／ブラック） E-8009：ソフマップ　デジタルコレクション,ソフマップ デジタルコレクションSofmap Digital CollectionパソコンタブレットPCHDDアセンブリパーツパソコンパーツテレビゲームブルーレイソフトDVDソフト液晶テレビブルーレイディスクレコーダーデジタル一眼レフカメラデジタルカメラ家電時計中古　ソフトアウトレット中古ノートパソコン中古パソコンエツミ アルミ写真額 （ワイド四切／ブラック） E-8009,エツミ アルミ写真額 （ワイド四切／ブラック） E-8009[rn]
18-11234,http://tshop.r10s.jp/akibamac/cabinet/04927126/4977187343724.jpg?fitin=700:700,952.0000,,TV・オーディオ・カメラ > アクセサリー・部品 > カメラ・ビデオカメラ・光学機器用アクセサリー > デジタルカメラ用アクセサリー > その他,ハクバ液晶保護フィルム（キヤノン EOS 5D Mark IV専用） BKDGF-CAE5DM4【ビックカメラグループオリジナル】,,入った気泡が自然に消える、バブルレス特殊シリコン吸着層を採用。<br>親油性加工で光の乱反射を抑え、指紋が目立たず画面が見やすい、<br>キヤノン EOS 5D Mark IV（EOS5D Mark4）専用の液晶保護フィルムです。<br><br>■気泡軽減<br>特殊シリコン吸着層を採用することにより貼りやすく、入ってしまった気泡が自然に消えていくフィルムです。<br>指などで押し出すことで気泡を消すこともできます。<br>（※全ての気泡が消えるわけではありません。）<br><br>■耐指紋<br>表面に耐指紋性処理を施すことによって、指紋が目立たず皮脂汚れによる視認性の低下を防ぎます。<br>また、ついてしまった指紋も容易に拭き取ることができます。<br><br>■高光沢・高透明<br>透明度が高く画面がはっきり見えるので、写真や動画の撮影、再生に最適です。<br>画像の美しさを損なうことなく、本来の色を忠実に映し出します。<br><br>■ハードコート<br>カメラバッグやストラップなどによるフィルム表面の「すり傷」や「爪あと」などが残りにくい、高い保護力を実現。<br>貼り替えの必要がない高耐久性を目指しました。<br><br>■初めての方にも貼りやすい<br>気泡を気にせず、きれいに貼る事ができます。<br>（貼りやすさを考慮し、液晶画面に対してほんの僅かに小さく設計されています。）<br><br>■コントロールパネル用フィルム、クリーニングペーパー付属<br><br>※このフィルムは2層構造です。台紙シールのついている、はく離フィルムは使用しません。<br>※貼り付ける際、粘着面は絶対に指で触れないでください。<br>※液晶保護フィルムは液晶画面にキズがつく前に貼り付けることをお勧めします。<br>　 キズが原因で液晶画面のコーティングが剥がれる可能性があります。,ハクバ液晶保護フィルム（キヤノン EOS 5D Mark IV専用） BKDGF-CAE5DM4【ビックカメラグループオリジナル】：ソフマップ　デジタルコレクション,ソフマップ デジタルコレクションSofmap Digital CollectionパソコンタブレットPCHDDアセンブリパーツパソコンパーツテレビゲームブルーレイソフトDVDソフト液晶テレビブルーレイディスクレコーダーデジタル一眼レフカメラデジタルカメラ家電時計中古　ソフトアウトレット中古ノートパソコン中古パソコンハクバ液晶保護フィルム（キヤノン EOS 5D Mark IV専用） BKDGF-CAE5DM4【ビックカメラグループオリジナル】,ハクバ液晶保護フィルム（キヤノン EOS 5D Mark IV専用） BKDGF-CAE5DM4【ビックカメラグループオリジナル】[rn]
18-11235,http://tshop.r10s.jp/akibamac/cabinet/04927126/4977187339505.jpg?fitin=700:700,600.0000,,TV・オーディオ・カメラ > アクセサリー・部品 > カメラ・ビデオカメラ・光学機器用アクセサリー > デジタルカメラ用アクセサリー > その他,ハクバ液晶保護フィルム MarkII（ニコン COOLPIX A900専用） DGF2-NCA900,,ニコン COOLPIX A900専用の液晶保護フィルム。<br>最高水準の表面硬度と貼りやすさを誇るバブルレスタイプ。<br><br>■画面が見やすいブルーレイヤー反射防止（AR）コーティング<br>人物などの映り込み防止に、パソコンやタブレットなどの画面にも採用されている反射防止コーティングを採用。高い反射防止効果により正確な色調と明暗の階調をストレートに映し出します。<br><br>■気泡が消えるバブルレスタイプ（特殊吸着シリコン層）<br>貼った時に入ってしまった気泡が自然に消えるバブルレスタイプ。微細なホコリであればシリコン粘着層が取り込み気泡を発生させません。<br>※ゴミなどが入っている場合は、気泡は抜けません。<br><br>■キズに強いハードコート処理（表面硬度 3H）<br>フィルム表面の「すり傷」や「爪あと」などが残りにくいクラス最高水準の表面硬度と保護力を実現。美しさが長持ちし、貼り替えの必要がない高耐久性をめざしました。<br>※人の爪の硬さは2H程度です。<br><br>■ホコリを寄せ付けない帯電防止処理<br>帯電防止性により液晶画面にホコリやチリを寄せ付けません。<br><br>■指紋をはじくフッ素系素材<br>撥油性フッ素系素材を採用しており、指紋汚れをはじくため、簡単に拭き取ることができます。<br><br>■貼りやすい自己吸着性<br>シリコン粘着層の自己吸着性により、フィルムを画面に置くだけで自然に貼りつくため貼り付けが簡単です。<br><br>■失敗しても貼り直し可能<br>シリコン粘着層により、貼り付けに失敗しても吸着力を損ねずに貼りなおすことができます。<br><br>■ぴったり専用サイズ<br>各機種に合わせた専用サイズなので、パッケージから取り出してそのまま貼り付けが可能です。<br><br>■液晶クリーニングペーパー付き,ハクバ液晶保護フィルム MarkII（ニコン COOLPIX A900専用） DGF2-NCA900：ソフマップ　デジタルコレクション,ソフマップ デジタルコレクションSofmap Digital CollectionパソコンタブレットPCHDDアセンブリパーツパソコンパーツテレビゲームブルーレイソフトDVDソフト液晶テレビブルーレイディスクレコーダーデジタル一眼レフカメラデジタルカメラ家電時計中古　ソフトアウトレット中古ノートパソコン中古パソコンハクバ液晶保護フィルム MarkII（ニコン COOLPIX A900専用） DGF2-NCA900,ハクバ液晶保護フィルム MarkII（ニコン COOLPIX A900専用） DGF2-NCA900[rn]
18-11236,http://tshop.r10s.jp/akibamac/cabinet/04927126/4977187339123.jpg?fitin=700:700,565.6000,,TV・オーディオ・カメラ > アクセサリー・部品 > カメラ・ビデオカメラ・光学機器用アクセサリー > デジタルカメラ用アクセサリー > その他,ハクバ液晶保護フィルム MarkII（富士フイルム FUJIFILM X-T2/X-T1専用） DGF2-FXT2,,富士フイルム FUJIFILM X-T2（XT2）、X-T1（XT1）専用の液晶保護フィルム。<br>最高水準の表面硬度と貼りやすさを誇るバブルレスタイプ。<br><br>■画面が見やすいブルーレイヤー反射防止（AR）コーティング<br>人物などの映り込み防止に、パソコンやタブレットなどの画面にも採用されている反射防止コーティングを採用。高い反射防止効果により正確な色調と明暗の階調をストレートに映し出します。<br><br>■気泡が消えるバブルレスタイプ（特殊吸着シリコン層）<br>貼った時に入ってしまった気泡が自然に消えるバブルレスタイプ。微細なホコリであればシリコン粘着層が取り込み気泡を発生させません。<br>※ゴミなどが入っている場合は、気泡は抜けません。<br><br>■キズに強いハードコート処理（表面硬度 3H）<br>フィルム表面の「すり傷」や「爪あと」などが残りにくいクラス最高水準の表面硬度と保護力を実現。美しさが長持ちし、貼り替えの必要がない高耐久性をめざしました。<br>※人の爪の硬さは2H程度です。<br><br>■ホコリを寄せ付けない帯電防止処理<br>帯電防止性により液晶画面にホコリやチリを寄せ付けません。<br><br>■指紋をはじくフッ素系素材<br>撥油性フッ素系素材を採用しており、指紋汚れをはじくため、簡単に拭き取ることができます。<br><br>■貼りやすい自己吸着性<br>シリコン粘着層の自己吸着性により、フィルムを画面に置くだけで自然に貼りつくため貼り付けが簡単です。<br><br>■失敗しても貼り直し可能<br>シリコン粘着層により、貼り付けに失敗しても吸着力を損ねずに貼りなおすことができます。<br><br>■ぴったり専用サイズ<br>各機種に合わせた専用サイズなので、パッケージから取り出してそのまま貼り付けが可能です。<br><br>■液晶クリーニングペーパー付き,ハクバ液晶保護フィルム MarkII（富士フイルム FUJIFILM X-T2/X-T1専用） DGF2-FXT2：ソフマップ　デジタルコレクション,ソフマップ デジタルコレクションSofmap Digital CollectionパソコンタブレットPCHDDアセンブリパーツパソコンパーツテレビゲームブルーレイソフトDVDソフト液晶テレビブルーレイディスクレコーダーデジタル一眼レフカメラデジタルカメラ家電時計中古　ソフトアウトレット中古ノートパソコン中古パソコンハクバ液晶保護フィルム MarkII（富士フイルム FUJIFILM X-T2/X-T1専用） DGF2-FXT2,ハクバ液晶保護フィルム MarkII（富士フイルム FUJIFILM X-T2/X-T1専用） DGF2-FXT2[rn]
18-11237,http://tshop.r10s.jp/akibamac/cabinet/04927126/4977187339154.jpg?fitin=700:700,1056.0000,,TV・オーディオ・カメラ > アクセサリー・部品 > カメラ・ビデオカメラ・光学機器用アクセサリー > デジタルカメラ用アクセサリー > その他,ハクバ液晶保護フィルム MarkII（キヤノン EOS 5D Mark IV専用） DGF2-CAE5DM4,,キヤノン EOS 5D Mark IV（EOS5D Mark4）専用の液晶保護フィルム。<br>最高水準の表面硬度と貼りやすさを誇るバブルレスタイプ。<br><br>■画面が見やすいブルーレイヤー反射防止（AR）コーティング<br>人物などの映り込み防止に、パソコンやタブレットなどの画面にも採用されている反射防止コーティングを採用。高い反射防止効果により正確な色調と明暗の階調をストレートに映し出します。<br><br>■気泡が消えるバブルレスタイプ（特殊吸着シリコン層）<br>貼った時に入ってしまった気泡が自然に消えるバブルレスタイプ。微細なホコリであればシリコン粘着層が取り込み気泡を発生させません。<br>※ゴミなどが入っている場合は、気泡は抜けません。<br><br>■キズに強いハードコート処理（表面硬度 3H）<br>フィルム表面の「すり傷」や「爪あと」などが残りにくいクラス最高水準の表面硬度と保護力を実現。美しさが長持ちし、貼り替えの必要がない高耐久性をめざしました。<br>※人の爪の硬さは2H程度です。<br><br>■ホコリを寄せ付けない帯電防止処理<br>帯電防止性により液晶画面にホコリやチリを寄せ付けません。<br><br>■指紋をはじくフッ素系素材<br>撥油性フッ素系素材を採用しており、指紋汚れをはじくため、簡単に拭き取ることができます。<br><br>■貼りやすい自己吸着性<br>シリコン粘着層の自己吸着性により、フィルムを画面に置くだけで自然に貼りつくため貼り付けが簡単です。<br><br>■失敗しても貼り直し可能<br>シリコン粘着層により、貼り付けに失敗しても吸着力を損ねずに貼りなおすことができます。<br><br>■ぴったり専用サイズ<br>各機種に合わせた専用サイズなので、パッケージから取り出してそのまま貼り付けが可能です。<br><br>■液晶クリーニングペーパー、コントロールパネル用フィルム付き,ハクバ液晶保護フィルム MarkII（キヤノン EOS 5D Mark IV専用） DGF2-CAE5DM4：ソフマップ　デジタルコレクション,ソフマップ デジタルコレクションSofmap Digital CollectionパソコンタブレットPCHDDアセンブリパーツパソコンパーツテレビゲームブルーレイソフトDVDソフト液晶テレビブルーレイディスクレコーダーデジタル一眼レフカメラデジタルカメラ家電時計中古　ソフトアウトレット中古ノートパソコン中古パソコンハクバ液晶保護フィルム MarkII（キヤノン EOS 5D Mark IV専用） DGF2-CAE5DM4,ハクバ液晶保護フィルム MarkII（キヤノン EOS 5D Mark IV専用） DGF2-CAE5DM4[rn]
18-11238,http://tshop.r10s.jp/akibamac/cabinet/04927126/4977187343748.jpg?fitin=700:700,576.0000,,TV・オーディオ・カメラ > アクセサリー・部品 > カメラ・ビデオカメラ・光学機器用アクセサリー > デジタルカメラ用アクセサリー > その他,ハクバ液晶保護フィルム（富士フイルム FUJIFILM X-A3専用） BKDGF-FXA3【ビックカメラグループオリジナル】,,入った気泡が自然に消える、バブルレス特殊シリコン吸着層を採用。<br>親油性加工で光の乱反射を抑え、指紋が目立たず画面が見やすい、<br>富士フイルム FUJIFILM X-A3専用の液晶保護フィルムです。<br><br>■気泡軽減<br>特殊シリコン吸着層を採用することにより貼りやすく、入ってしまった気泡が自然に消えていくフィルムです。<br>指などで押し出すことで気泡を消すこともできます。<br>（※全ての気泡が消えるわけではありません。）<br><br>■耐指紋<br>表面に耐指紋性処理を施すことによって、指紋が目立たず皮脂汚れによる視認性の低下を防ぎます。<br>また、ついてしまった指紋も容易に拭き取ることができます。<br><br>■高光沢・高透明<br>透明度が高く画面がはっきり見えるので、写真や動画の撮影、再生に最適です。<br>画像の美しさを損なうことなく、本来の色を忠実に映し出します。<br><br>■ハードコート<br>カメラバッグやストラップなどによるフィルム表面の「すり傷」や「爪あと」などが残りにくい、高い保護力を実現。<br>貼り替えの必要がない高耐久性を目指しました。<br><br>■初めての方にも貼りやすい<br>気泡を気にせず、きれいに貼る事ができます。<br>（貼りやすさを考慮し、液晶画面に対してほんの僅かに小さく設計されています。）<br><br>■クリーニングペーパー付属<br><br>※このフィルムは2層構造です。台紙シールのついている、はく離フィルムは使用しません。<br>※貼り付ける際、粘着面は絶対に指で触れないでください。<br>※液晶保護フィルムは液晶画面にキズがつく前に貼り付けることをお勧めします。<br>　 キズが原因で液晶画面のコーティングが剥がれる可能性があります。,ハクバ液晶保護フィルム（富士フイルム FUJIFILM X-A3専用） BKDGF-FXA3【ビックカメラグループオリジナル】：ソフマップ　デジタルコレクション,ソフマップ デジタルコレクションSofmap Digital CollectionパソコンタブレットPCHDDアセンブリパーツパソコンパーツテレビゲームブルーレイソフトDVDソフト液晶テレビブルーレイディスクレコーダーデジタル一眼レフカメラデジタルカメラ家電時計中古　ソフトアウトレット中古ノートパソコン中古パソコンハクバ液晶保護フィルム（富士フイルム FUJIFILM X-A3専用） BKDGF-FXA3【ビックカメラグループオリジナル】,ハクバ液晶保護フィルム（富士フイルム FUJIFILM X-A3専用） BKDGF-FXA3【ビックカメラグループオリジナル】[rn]
18-11239,http://tshop.r10s.jp/akibamac/cabinet/04927126/4977187343717.jpg?fitin=700:700,518.4000,,TV・オーディオ・カメラ > アクセサリー・部品 > カメラ・ビデオカメラ・光学機器用アクセサリー > デジタルカメラ用アクセサリー > その他,ハクバ液晶保護フィルム（カシオ EXILIM EX-ZR4000/ZR3100/ZR3000/ ZR1750/ZR1700/ZR1600専用） BKDGF-CEZR4000,,入った気泡が自然に消える、バブルレス特殊シリコン吸着層を採用。<br>親油性加工で光の乱反射を抑え、指紋が目立たず画面が見やすい、<br>カシオ EXILIM EX-ZR4000、EX-ZR3100、EX-ZR3000、EX-ZR1750、EX-ZR1700、EX-ZR1600専用の液晶保護フィルムです。<br><br>■気泡軽減<br>特殊シリコン吸着層を採用することにより貼りやすく、入ってしまった気泡が自然に消えていくフィルムです。<br>指などで押し出すことで気泡を消すこともできます。<br>（※全ての気泡が消えるわけではありません。）<br><br>■耐指紋<br>表面に耐指紋性処理を施すことによって、指紋が目立たず皮脂汚れによる視認性の低下を防ぎます。<br>また、ついてしまった指紋も容易に拭き取ることができます。<br><br>■高光沢・高透明<br>透明度が高く画面がはっきり見えるので、写真や動画の撮影、再生に最適です。<br>画像の美しさを損なうことなく、本来の色を忠実に映し出します。<br><br>■ハードコート<br>カメラバッグやストラップなどによるフィルム表面の「すり傷」や「爪あと」などが残りにくい、高い保護力を実現。<br>貼り替えの必要がない高耐久性を目指しました。<br><br>■初めての方にも貼りやすい<br>気泡を気にせず、きれいに貼る事ができます。<br>（貼りやすさを考慮し、液晶画面に対してほんの僅かに小さく設計されています。）<br><br>■クリーニングペーパー付属<br><br>※このフィルムは2層構造です。台紙シールのついている、はく離フィルムは使用しません。<br>※貼り付ける際、粘着面は絶対に指で触れないでください。<br>※液晶保護フィルムは液晶画面にキズがつく前に貼り付けることをお勧めします。<br>　 キズが原因で液晶画面のコーティングが剥がれる可能性があります。,ハクバ液晶保護フィルム（カシオ EXILIM EX-ZR4000/ZR3100/ZR3000/ ZR1750/ZR1700/ZR1600専用） BKDGF-CEZR4000：ソフマップ　デジタルコレクション,ソフマップ デジタルコレクションSofmap Digital CollectionパソコンタブレットPCHDDアセンブリパーツパソコンパーツテレビゲームブルーレイソフトDVDソフト液晶テレビブルーレイディスクレコーダーデジタル一眼レフカメラデジタルカメラ家電時計中古　ソフトアウトレット中古ノートパソコン中古パソコンハクバ液晶保護フィルム（カシオ EXILIM EX-ZR4000/ZR3100/ZR3000/ ZR1750/ZR1700/ZR1600専用） BKDGF-CEZR4000,ハクバ液晶保護フィルム（カシオ EXILIM EX-ZR4000/ZR3100/ZR3000/ ZR1750/ZR1700/ZR1600専用） BKDGF-CEZR4000[rn]
18-11240,http://tshop.r10s.jp/akibamac/cabinet/05064980/4977187339109.jpg?fitin=700:700,600.0000,,TV・オーディオ・カメラ > アクセサリー・部品 > カメラ・ビデオカメラ・光学機器用アクセサリー > デジタルカメラ用アクセサリー > その他,ハクバ写真産業液晶保護フィルム MarkII（シグマ SD QUATTRO専用）　DGF2GSDQ,,最高水準の表面硬度と貼りやすさを誇るバブルレスタイプの液晶保護フィルム。ブルーレイヤー反射防止(AR)コーティングにより視認性の高いクリアな画面を保ちます。帯電防止処理済み。<br><br>シグマ SD QUATTRO専用の液晶保護フィルムになります。<br><br>画面が見やすいブルーレイヤー反射防止(AR)コーティング<br>人物などの映り込み防止に、パソコンやタブレットなどの画面にも採用されている反射防止コーティングを採用。高い反射防止効果により正確な色調と明暗の階調をストレートに映し出します。<br><br>気泡が消えるバブルレスタイプ(特殊吸着シリコン層)<br>貼った時に入ってしまった気泡が自然に消えるバブルレスタイプ。微細なホコリであればシリコン粘着層が取り込み気泡を発生させません。※ゴミなどが入っている場合は、気泡は抜けません。<br><br>キズに強いハードコート処理(表面硬度 3H)<br>フィルム表面の「すり傷」や「爪あと」などが残りにくいクラス最高水準の表面硬度と保護力を実現。美しさが長持ちし、貼り替えの必要がない高耐久性をめざしました。<br>※人の爪の硬さは2H程度です。<br><br>ホコリを寄せ付けない帯電防止処理<br>帯電防止性により液晶画面にホコリやチリを寄せ付けません。<br><br>指紋をはじくフッ素系素材<br>撥油性フッ素系素材を採用しており、指紋汚れをはじくため、簡単に拭き取ることができます。<br><br>貼りやすい自己吸着性<br>シリコン粘着層の自己吸着性により、フィルムを画面に置くだけで自然に貼りつくため貼り付けが簡単です。<br><br>失敗しても貼り直し可能<br>シリコン粘着層により、貼り付けに失敗しても吸着力を損ねずに貼りなおすことができます。<br><br>ぴったり専用サイズ<br>各機種に合わせた専用サイズなので、パッケージから取り出してそのまま貼り付けが可能です。,ハクバ写真産業液晶保護フィルム MarkII（シグマ SD QUATTRO専用）　DGF2GSDQ：ソフマップ　デジタルコレクション,ソフマップ デジタルコレクションSofmap Digital CollectionパソコンタブレットPCHDDアセンブリパーツパソコンパーツテレビゲームブルーレイソフトDVDソフト液晶テレビブルーレイディスクレコーダーデジタル一眼レフカメラデジタルカメラ家電時計中古　ソフトアウトレット中古ノートパソコン中古パソコンハクバ写真産業液晶保護フィルム MarkII（シグマ SD QUATTRO専用）　DGF2GSDQ,ハクバ写真産業液晶保護フィルム MarkII（シグマ SD QUATTRO専用）　DGF2GSDQ[rn]
18-11241,http://tshop.r10s.jp/akibamac/cabinet/04229557/4961607162361.jpg?fitin=700:700,3608.0000,,TV・オーディオ・カメラ > アクセサリー・部品 > カメラ・ビデオカメラ・光学機器用アクセサリー > デジタルカメラ用アクセサリー > その他,ケンコー62mm YA3 プロフェッショナル,,スーパーマルチコート採用の最新プロフェッショナル仕様モノクロ用フィルター。フィルター面の反射を抑え、必要な効果のみを付け加えることができます。,ケンコー62mm YA3 プロフェッショナル：ソフマップ　デジタルコレクション,ソフマップ デジタルコレクションSofmap Digital CollectionパソコンタブレットPCHDDアセンブリパーツパソコンパーツテレビゲームブルーレイソフトDVDソフト液晶テレビブルーレイディスクレコーダーデジタル一眼レフカメラデジタルカメラ家電時計中古　ソフトアウトレット中古ノートパソコン中古パソコンケンコー62mm YA3 プロフェッショナル,ケンコー62mm YA3 プロフェッショナル[rn]
18-11242,http://tshop.r10s.jp/akibamac/cabinet/04229557/4961607177372.jpg?fitin=700:700,4200.0000,,TV・オーディオ・カメラ > アクセサリー・部品 > カメラ・ビデオカメラ・光学機器用アクセサリー > デジタルカメラ用アクセサリー > その他,【送料無料】ケンコー77mm R1 プロフェッショナル,,スーパーマルチコート採用の最新プロフェッショナル仕様モノクロ用フィルター。フィルター面の反射を抑え、必要な効果のみを付け加えることができます。,【送料無料】ケンコー77mm R1 プロフェッショナル：ソフマップ　デジタルコレクション,ソフマップ デジタルコレクションSofmap Digital CollectionパソコンタブレットPCHDDアセンブリパーツパソコンパーツテレビゲームブルーレイソフトDVDソフト液晶テレビブルーレイディスクレコーダーデジタル一眼レフカメラデジタルカメラ家電時計中古　ソフトアウトレット中古ノートパソコン中古パソコン【送料無料】ケンコー77mm R1 プロフェッショナル,【送料無料】ケンコー77mm R1 プロフェッショナル[rn]
18-11243,http://tshop.r10s.jp/akibamac/cabinet/04229557/4961607162378.jpg?fitin=700:700,3504.0000,,TV・オーディオ・カメラ > アクセサリー・部品 > カメラ・ビデオカメラ・光学機器用アクセサリー > デジタルカメラ用アクセサリー > その他,ケンコー62mm R1 プロフェッショナル,,スーパーマルチコート採用の最新プロフェッショナル仕様モノクロ用フィルター。フィルター面の反射を抑え、必要な効果のみを付け加えることができます。,ケンコー62mm R1 プロフェッショナル：ソフマップ　デジタルコレクション,ソフマップ デジタルコレクションSofmap Digital CollectionパソコンタブレットPCHDDアセンブリパーツパソコンパーツテレビゲームブルーレイソフトDVDソフト液晶テレビブルーレイディスクレコーダーデジタル一眼レフカメラデジタルカメラ家電時計中古　ソフトアウトレット中古ノートパソコン中古パソコンケンコー62mm R1 プロフェッショナル,ケンコー62mm R1 プロフェッショナル[rn]
18-11244,http://tshop.r10s.jp/akibamac/cabinet/04229557/4961607149386.jpg?fitin=700:700,1792.0000,,TV・オーディオ・カメラ > アクセサリー・部品 > カメラ・ビデオカメラ・光学機器用アクセサリー > デジタルカメラ用アクセサリー > その他,ケンコー49mm Y2 プロフェッショナル,,スーパーマルチコート採用の最新プロフェッショナル仕様モノクロ用フィルター。フィルター面の反射を抑え、必要な効果のみを付け加えることができます。,ケンコー49mm Y2 プロフェッショナル：ソフマップ　デジタルコレクション,ソフマップ デジタルコレクションSofmap Digital CollectionパソコンタブレットPCHDDアセンブリパーツパソコンパーツテレビゲームブルーレイソフトDVDソフト液晶テレビブルーレイディスクレコーダーデジタル一眼レフカメラデジタルカメラ家電時計中古　ソフトアウトレット中古ノートパソコン中古パソコンケンコー49mm Y2 プロフェッショナル,ケンコー49mm Y2 プロフェッショナル[rn]
18-11245,http://tshop.r10s.jp/akibamac/cabinet/04229557/4961607352359.jpg?fitin=700:700,808.0000,,TV・オーディオ・カメラ > アクセサリー・部品 > カメラ・ビデオカメラ・光学機器用アクセサリー > デジタルカメラ用アクセサリー > その他,ケンコー52SフォギーB,,天気にかかわらず、霧（Fog）の中で撮影したような雰囲気を表現するソフトフィルター,ケンコー52SフォギーB：ソフマップ　デジタルコレクション,ソフマップ デジタルコレクションSofmap Digital CollectionパソコンタブレットPCHDDアセンブリパーツパソコンパーツテレビゲームブルーレイソフトDVDソフト液晶テレビブルーレイディスクレコーダーデジタル一眼レフカメラデジタルカメラ家電時計中古　ソフトアウトレット中古ノートパソコン中古パソコンケンコー52SフォギーB,ケンコー52SフォギーB[rn]
18-11246,http://tshop.r10s.jp/akibamac/cabinet/04229557/4961607349496.jpg?fitin=700:700,2152.0000,,TV・オーディオ・カメラ > アクセサリー・部品 > カメラ・ビデオカメラ・光学機器用アクセサリー > デジタルカメラ用アクセサリー > その他,ケンコー49mm PRO ND1000 フィルター,,真空蒸着技術で特殊なコーティングを施すことにより製造されたニュートラル性の高いND（減光）フィルター。ND1000は光量を1/1000に、10絞り分減光します。,ケンコー49mm PRO ND1000 フィルター：ソフマップ　デジタルコレクション,ソフマップ デジタルコレクションSofmap Digital CollectionパソコンタブレットPCHDDアセンブリパーツパソコンパーツテレビゲームブルーレイソフトDVDソフト液晶テレビブルーレイディスクレコーダーデジタル一眼レフカメラデジタルカメラ家電時計中古　ソフトアウトレット中古ノートパソコン中古パソコンケンコー49mm PRO ND1000 フィルター,ケンコー49mm PRO ND1000 フィルター[rn]
18-11247,http://tshop.r10s.jp/akibamac/cabinet/04229557/4961607372623.jpg?fitin=700:700,1704.0000,,TV・オーディオ・カメラ > アクセサリー・部品 > カメラ・ビデオカメラ・光学機器用アクセサリー > デジタルカメラ用アクセサリー > その他,ケンコー72 S PRO-ND8,,プロNDはニュートラル性が極めて高く、色再現性に優れた中性灰色のフィルターです。,ケンコー72 S PRO-ND8：ソフマップ　デジタルコレクション,ソフマップ デジタルコレクションSofmap Digital CollectionパソコンタブレットPCHDDアセンブリパーツパソコンパーツテレビゲームブルーレイソフトDVDソフト液晶テレビブルーレイディスクレコーダーデジタル一眼レフカメラデジタルカメラ家電時計中古　ソフトアウトレット中古ノートパソコン中古パソコンケンコー72 S PRO-ND8,ケンコー72 S PRO-ND8[rn]
18-11248,http://tshop.r10s.jp/akibamac/cabinet/04229557/4961607352625.jpg?fitin=700:700,1000.0000,,TV・オーディオ・カメラ > アクセサリー・部品 > カメラ・ビデオカメラ・光学機器用アクセサリー > デジタルカメラ用アクセサリー > その他,ケンコー52 S PRO-ND8,,プロNDはニュートラル性が極めて高く、色再現性に優れた中性灰色のフィルターです。,ケンコー52 S PRO-ND8：ソフマップ　デジタルコレクション,ソフマップ デジタルコレクションSofmap Digital CollectionパソコンタブレットPCHDDアセンブリパーツパソコンパーツテレビゲームブルーレイソフトDVDソフト液晶テレビブルーレイディスクレコーダーデジタル一眼レフカメラデジタルカメラ家電時計中古　ソフトアウトレット中古ノートパソコン中古パソコンケンコー52 S PRO-ND8,ケンコー52 S PRO-ND8[rn]
18-11249,http://tshop.r10s.jp/akibamac/cabinet/04229557/4961607062531.jpg?fitin=700:700,2248.0000,,TV・オーディオ・カメラ > アクセサリー・部品 > カメラ・ビデオカメラ・光学機器用アクセサリー > デジタルカメラ用アクセサリー > その他,ケンコー52mm PRO ND500 フィルター,,真空蒸着技術で特殊なコーティングを施すことにより製造されたニュートラル性の高いND（減光）フィルター。ND500は光量を1/500に、9絞り分減光します。,ケンコー52mm PRO ND500 フィルター：ソフマップ　デジタルコレクション,ソフマップ デジタルコレクションSofmap Digital CollectionパソコンタブレットPCHDDアセンブリパーツパソコンパーツテレビゲームブルーレイソフトDVDソフト液晶テレビブルーレイディスクレコーダーデジタル一眼レフカメラデジタルカメラ家電時計中古　ソフトアウトレット中古ノートパソコン中古パソコンケンコー52mm PRO ND500 フィルター,ケンコー52mm PRO ND500 フィルター[rn]
18-11250,http://tshop.r10s.jp/akibamac/cabinet/04229557/4961607355725.jpg?fitin=700:700,832.0000,,TV・オーディオ・カメラ > アクセサリー・部品 > カメラ・ビデオカメラ・光学機器用アクセサリー > デジタルカメラ用アクセサリー > その他,ケンコー55mm MC クローズアップレンズ No.2,,フィルター感覚で扱える単玉タイプのもっともポピュラーなクローズアップレンズ。,ケンコー55mm MC クローズアップレンズ No.2：ソフマップ　デジタルコレクション,ソフマップ デジタルコレクションSofmap Digital CollectionパソコンタブレットPCHDDアセンブリパーツパソコンパーツテレビゲームブルーレイソフトDVDソフト液晶テレビブルーレイディスクレコーダーデジタル一眼レフカメラデジタルカメラ家電時計中古　ソフトアウトレット中古ノートパソコン中古パソコンケンコー55mm MC クローズアップレンズ No.2,ケンコー55mm MC クローズアップレンズ No.2[rn]
18-11251,http://tshop.r10s.jp/akibamac/cabinet/04544162/4547410296020.jpg?fitin=700:700,7096.0000,,TV・オーディオ・カメラ > アクセサリー・部品 > カメラ・ビデオカメラ・光学機器用アクセサリー > デジタルカメラ用アクセサリー > その他,【送料無料】FUJIFILMマクロエクステンションチューブ（11mm）　MCEX-11,,カメラボディーと交換レンズの間に装着することによって、高い撮影倍率でマクロ撮影が可能となる、Xマウント交換レンズ用のアクセサリー。,【送料無料】FUJIFILMマクロエクステンションチューブ（11mm）　MCEX-11：ソフマップ　デジタルコレクション,ソフマップ デジタルコレクションSofmap Digital CollectionパソコンタブレットPCHDDアセンブリパーツパソコンパーツテレビゲームブルーレイソフトDVDソフト液晶テレビブルーレイディスクレコーダーデジタル一眼レフカメラデジタルカメラ家電時計中古　ソフトアウトレット中古ノートパソコン中古パソコン【送料無料】FUJIFILMマクロエクステンションチューブ（11mm）　MCEX-11,【送料無料】FUJIFILMマクロエクステンションチューブ（11mm）　MCEX-11[rn]
18-11252,http://tshop.r10s.jp/akibamac/cabinet/04354752/4547410305814.jpg?fitin=700:700,9091.2000,,TV・オーディオ・カメラ > アクセサリー・部品 > カメラ・ビデオカメラ・光学機器用アクセサリー > デジタルカメラ用アクセサリー > その他,【送料無料】FUJIFILM メタルハンドグリップ MHG-XT10,,ホールディング性を高める金属製グリップ。,【送料無料】FUJIFILM メタルハンドグリップ MHG-XT10：ソフマップ　デジタルコレクション,ソフマップ デジタルコレクションSofmap Digital CollectionパソコンタブレットPCHDDアセンブリパーツパソコンパーツテレビゲームブルーレイソフトDVDソフト液晶テレビブルーレイディスクレコーダーデジタル一眼レフカメラデジタルカメラ家電時計中古　ソフトアウトレット中古ノートパソコン中古パソコン【送料無料】FUJIFILM メタルハンドグリップ MHG-XT10,【送料無料】FUJIFILM メタルハンドグリップ MHG-XT10[rn]
18-11253,http://tshop.r10s.jp/akibamac/cabinet/03499493/4547410242539.jpg?fitin=700:700,6440.0000,,TV・オーディオ・カメラ > アクセサリー・部品 > カメラ・ビデオカメラ・光学機器用アクセサリー > デジタルカメラ用アクセサリー > その他,【送料無料】FUJIFILM/富士フイルムステレオマイクロホン　MIC-ST1ブラック,,■クリアなステレオ音声を録音できます。■カメラ側で、レベルメーターを見ながら4段階でマイクレベルを設定でき、録音漏れや音割れを防止できます。■端子形状は、φ2.5mm。付属の変換アダプターを用いることで、Xシリーズの対象機種に接続可能です。■変換アダプターを付属。（φ2.5mm→3.5mm変換アダプター、φ2.5mm→USBマルチコネクター）,【送料無料】FUJIFILM/富士フイルムステレオマイクロホン　MIC-ST1ブラック：ソフマップ　デジタルコレクション,ソフマップ デジタルコレクションSofmap Digital CollectionパソコンタブレットPCHDDアセンブリパーツパソコンパーツテレビゲームブルーレイソフトDVDソフト液晶テレビブルーレイディスクレコーダーデジタル一眼レフカメラデジタルカメラ家電時計中古　ソフトアウトレット中古ノートパソコン中古パソコン【送料無料】FUJIFILM/富士フイルムステレオマイクロホン　MIC-ST1ブラック,【送料無料】FUJIFILM/富士フイルムステレオマイクロホン　MIC-ST1ブラック[rn]
18-11254,http://tshop.r10s.jp/akibamac/cabinet/03183971/4547410281415.jpg?fitin=700:700,3408.0000,,TV・オーディオ・カメラ > アクセサリー・部品 > カメラ・ビデオカメラ・光学機器用アクセサリー > デジタルカメラ用アクセサリー > その他,FUJIFILMグリップベルト GB-001,,カメラとの一体感を高め、しっかりとホールドできるグリップベルト。,FUJIFILMグリップベルト GB-001：ソフマップ　デジタルコレクション,ソフマップ デジタルコレクションSofmap Digital CollectionパソコンタブレットPCHDDアセンブリパーツパソコンパーツテレビゲームブルーレイソフトDVDソフト液晶テレビブルーレイディスクレコーダーデジタル一眼レフカメラデジタルカメラ家電時計中古　ソフトアウトレット中古ノートパソコン中古パソコンFUJIFILMグリップベルト GB-001,FUJIFILMグリップベルト GB-001[rn]
18-11255,http://tshop.r10s.jp/akibamac/cabinet/03237776/4547410122268.jpg?fitin=700:700,2760.0000,,TV・オーディオ・カメラ > アクセサリー・部品 > カメラ・ビデオカメラ・光学機器用アクセサリー > デジタルカメラ用アクセサリー > その他,FUJIFILM/富士フイルムFinePix HD プレーヤー　HDP-L1,,■HD記録対応のFinePixで撮影した画像を、市販のHDMIケーブルを使ってHDテレビに出力可能。■市販のUSBケーブルを使用すれば、パソコンとの接続も可能。■3D静止画の記録フォーマットである「マルチピクチャーフォーマット（.MPO）」と、3D動画記録フォーマットの「3D-AVI（.AVI）」に対応。■「FinePix REAL 3D W1」で撮影した映像ファイルを、3Dテレビ放送などでも採用されている「サイド・バイ・サイド方式」へ変換し、3Dテレビに出力。ご自身で撮影した3D映像をご家庭で鑑賞可能。■同梱の専用リモコンを使えば、テレビと離れた場所から画像送りや画像回転などの操作が可能。※HDMIケーブルは同梱していません。市販のHDMIケーブル（1.5m以下を推奨）をご使用ください。＜対応機種＞・HD記録対応のFinePixシリーズ・FinePix REAL3D W1（3Dテレビに出力）,FUJIFILM/富士フイルムFinePix HD プレーヤー　HDP-L1：ソフマップ　デジタルコレクション,ソフマップ デジタルコレクションSofmap Digital CollectionパソコンタブレットPCHDDアセンブリパーツパソコンパーツテレビゲームブルーレイソフトDVDソフト液晶テレビブルーレイディスクレコーダーデジタル一眼レフカメラデジタルカメラ家電時計中古　ソフトアウトレット中古ノートパソコン中古パソコンFUJIFILM/富士フイルムFinePix HD プレーヤー　HDP-L1,FUJIFILM/富士フイルムFinePix HD プレーヤー　HDP-L1[rn]
18-11256,http://tshop.r10s.jp/akibamac/cabinet/03892613/4547410281422.jpg?fitin=700:700,1133.6000,,TV・オーディオ・カメラ > アクセサリー・部品 > カメラ・ビデオカメラ・光学機器用アクセサリー > デジタルカメラ用アクセサリー > その他,FUJIFILM アイカップ EC-XT L,,X-T1専用のアイカップ。装着により、更なるフィット感が得られます。,FUJIFILM アイカップ EC-XT L：ソフマップ　デジタルコレクション,ソフマップ デジタルコレクションSofmap Digital CollectionパソコンタブレットPCHDDアセンブリパーツパソコンパーツテレビゲームブルーレイソフトDVDソフト液晶テレビブルーレイディスクレコーダーデジタル一眼レフカメラデジタルカメラ家電時計中古　ソフトアウトレット中古ノートパソコン中古パソコンFUJIFILM アイカップ EC-XT L,FUJIFILM アイカップ EC-XT L[rn]
18-11257,http://tshop.r10s.jp/akibamac/cabinet/03237776/4547410090710.jpg?fitin=700:700,370.4000,,TV・オーディオ・カメラ > アクセサリー・部品 > カメラ・ビデオカメラ・光学機器用アクセサリー > デジタルカメラ用アクセサリー > その他,FUJIFILM/富士フイルムAVケーブル AV-C1,,デジタルカメラ用AVケーブルです。,FUJIFILM/富士フイルムAVケーブル AV-C1：ソフマップ　デジタルコレクション,ソフマップ デジタルコレクションSofmap Digital CollectionパソコンタブレットPCHDDアセンブリパーツパソコンパーツテレビゲームブルーレイソフトDVDソフト液晶テレビブルーレイディスクレコーダーデジタル一眼レフカメラデジタルカメラ家電時計中古　ソフトアウトレット中古ノートパソコン中古パソコンFUJIFILM/富士フイルムAVケーブル AV-C1,FUJIFILM/富士フイルムAVケーブル AV-C1[rn]
18-11258,http://tshop.r10s.jp/akibamac/cabinet/04927126/4547410322040.jpg?fitin=700:700,39185.6000,,TV・オーディオ・カメラ > アクセサリー・部品 > カメラ・ビデオカメラ・光学機器用アクセサリー > デジタルカメラ用アクセサリー > その他,【送料無料】フジフイルム クリップオンフラッシュ　EF-X500,,,【送料無料】フジフイルム クリップオンフラッシュ　EF-X500：ソフマップ　デジタルコレクション,ソフマップ デジタルコレクションSofmap Digital CollectionパソコンタブレットPCHDDアセンブリパーツパソコンパーツテレビゲームブルーレイソフトDVDソフト液晶テレビブルーレイディスクレコーダーデジタル一眼レフカメラデジタルカメラ家電時計中古　ソフトアウトレット中古ノートパソコン中古パソコン【送料無料】フジフイルム クリップオンフラッシュ　EF-X500,【送料無料】フジフイルム クリップオンフラッシュ　EF-X500[rn]
18-11259,http://tshop.r10s.jp/akibamac/cabinet/04960162/4547410325348.jpg?fitin=700:700,10422.4000,,TV・オーディオ・カメラ > アクセサリー・部品 > カメラ・ビデオカメラ・光学機器用アクセサリー > デジタルカメラ用アクセサリー > その他,【送料無料】フジフイルム メタルハンドグリップ　MHG-XT2,,「FUJIFILM X-T2」に対応したハンドグリップ。大口径レンズ装着時のホールディング性が大きく向上し、手ブレを低減。三脚を使用する際、レンズ本体が雲台と干渉することなく撮影できるようになります。,【送料無料】フジフイルム メタルハンドグリップ　MHG-XT2：ソフマップ　デジタルコレクション,ソフマップ デジタルコレクションSofmap Digital CollectionパソコンタブレットPCHDDアセンブリパーツパソコンパーツテレビゲームブルーレイソフトDVDソフト液晶テレビブルーレイディスクレコーダーデジタル一眼レフカメラデジタルカメラ家電時計中古　ソフトアウトレット中古ノートパソコン中古パソコン【送料無料】フジフイルム メタルハンドグリップ　MHG-XT2,【送料無料】フジフイルム メタルハンドグリップ　MHG-XT2[rn]
18-11260,http://tshop.r10s.jp/akibamac/cabinet/03237776/4960759122568.jpg?fitin=700:700,598.4000,,TV・オーディオ・カメラ > アクセサリー・部品 > カメラ・ビデオカメラ・光学機器用アクセサリー > デジタルカメラ用アクセサリー > その他,Nikon/ニコンオーディオビデオケーブル　EG-CP14,,■カメラとテレビやビデオデッキを接続するためのケーブル対応カメラ：COOLPIX S600・S520・S510・S210・S10・S4・P5100・P80・P60・P50・P2・P1・L18・L15・L14・7900・7600・5900・5600・5200・4200・4100・3700・3200,Nikon/ニコンオーディオビデオケーブル　EG-CP14：ソフマップ　デジタルコレクション,ソフマップ デジタルコレクションSofmap Digital CollectionパソコンタブレットPCHDDアセンブリパーツパソコンパーツテレビゲームブルーレイソフトDVDソフト液晶テレビブルーレイディスクレコーダーデジタル一眼レフカメラデジタルカメラ家電時計中古　ソフトアウトレット中古ノートパソコン中古パソコンNikon/ニコンオーディオビデオケーブル　EG-CP14,Nikon/ニコンオーディオビデオケーブル　EG-CP14[rn]
18-11261,http://tshop.r10s.jp/akibamac/cabinet/03274524/4960759140937.jpg?fitin=700:700,324.0000,,TV・オーディオ・カメラ > アクセサリー・部品 > カメラ・ビデオカメラ・光学機器用アクセサリー > デジタルカメラ用アクセサリー > その他,Nikon/ニコンOリングプロテクター　PA-N1000,,■Nikon 1 AW1用のOリングプロテクターです。■非防水の1 NIKKORレンズ装着時にOリングを保護します。※標準付属品です。,Nikon/ニコンOリングプロテクター　PA-N1000：ソフマップ　デジタルコレクション,ソフマップ デジタルコレクションSofmap Digital CollectionパソコンタブレットPCHDDアセンブリパーツパソコンパーツテレビゲームブルーレイソフトDVDソフト液晶テレビブルーレイディスクレコーダーデジタル一眼レフカメラデジタルカメラ家電時計中古　ソフトアウトレット中古ノートパソコン中古パソコンNikon/ニコンOリングプロテクター　PA-N1000,Nikon/ニコンOリングプロテクター　PA-N1000[rn]
18-11262,http://tshop.r10s.jp/akibamac/cabinet/03089492/4960759138446.jpg?fitin=700:700,2544.0000,,TV・オーディオ・カメラ > アクセサリー・部品 > カメラ・ビデオカメラ・光学機器用アクセサリー > デジタルカメラ用アクセサリー > その他,Nikon/ニコンWR用変換アダプター WR-A10,,ワイヤレスリモートコントローラー WR-R10を10ピンターミナル装備のカメラに装着するためのアダプターです。,Nikon/ニコンWR用変換アダプター WR-A10：ソフマップ　デジタルコレクション,ソフマップ デジタルコレクションSofmap Digital CollectionパソコンタブレットPCHDDアセンブリパーツパソコンパーツテレビゲームブルーレイソフトDVDソフト液晶テレビブルーレイディスクレコーダーデジタル一眼レフカメラデジタルカメラ家電時計中古　ソフトアウトレット中古ノートパソコン中古パソコンNikon/ニコンWR用変換アダプター WR-A10,Nikon/ニコンWR用変換アダプター WR-A10[rn]
18-11263,http://tshop.r10s.jp/akibamac/cabinet/03437499/4960759128393.jpg?fitin=700:700,3072.0000,,TV・オーディオ・カメラ > アクセサリー・部品 > カメラ・ビデオカメラ・光学機器用アクセサリー > デジタルカメラ用アクセサリー > その他,Nikon/ニコン変換コード MC-25A,,2ピンターミナル用のリモートコードMC-12B・MC-4A、ルミコントロールセットML-2などを、10ピンターミナルを装備しているカメラと接続する場合に使用します。（長さ：約0.2m）延長コードMC-21Aを併用してお使いいただくことも可能です。【対応カメラ】D4、D3シリーズ、D2シリーズ、D1シリーズ、D800シリーズ、D700、D300シリーズ、D200、D100（MB-D100併用）、F6、F5、F100、F90X、F90,Nikon/ニコン変換コード MC-25A：ソフマップ　デジタルコレクション,ソフマップ デジタルコレクションSofmap Digital CollectionパソコンタブレットPCHDDアセンブリパーツパソコンパーツテレビゲームブルーレイソフトDVDソフト液晶テレビブルーレイディスクレコーダーデジタル一眼レフカメラデジタルカメラ家電時計中古　ソフトアウトレット中古ノートパソコン中古パソコンNikon/ニコン変換コード MC-25A,Nikon/ニコン変換コード MC-25A[rn]
18-11264,http://tshop.r10s.jp/akibamac/cabinet/03183971/4960759025142.jpg?fitin=700:700,2960.0000,,TV・オーディオ・カメラ > アクセサリー・部品 > カメラ・ビデオカメラ・光学機器用アクセサリー > デジタルカメラ用アクセサリー > その他,ニコン専用アダプターリング UR-5,,【対応レンズ】R1C1・R1・AFマイクロ60mm用,ニコン専用アダプターリング UR-5：ソフマップ　デジタルコレクション,ソフマップ デジタルコレクションSofmap Digital CollectionパソコンタブレットPCHDDアセンブリパーツパソコンパーツテレビゲームブルーレイソフトDVDソフト液晶テレビブルーレイディスクレコーダーデジタル一眼レフカメラデジタルカメラ家電時計中古　ソフトアウトレット中古ノートパソコン中古パソコンニコン専用アダプターリング UR-5,ニコン専用アダプターリング UR-5[rn]
18-11265,http://tshop.r10s.jp/akibamac/cabinet/03183971/4960759024947.jpg?fitin=700:700,470.4000,,TV・オーディオ・カメラ > アクセサリー・部品 > カメラ・ビデオカメラ・光学機器用アクセサリー > デジタルカメラ用アクセサリー > その他,ニコンスピードライトスタンド AS-20,,【対応スピードライト】SB-R200,ニコンスピードライトスタンド AS-20：ソフマップ　デジタルコレクション,ソフマップ デジタルコレクションSofmap Digital CollectionパソコンタブレットPCHDDアセンブリパーツパソコンパーツテレビゲームブルーレイソフトDVDソフト液晶テレビブルーレイディスクレコーダーデジタル一眼レフカメラデジタルカメラ家電時計中古　ソフトアウトレット中古ノートパソコン中古パソコンニコンスピードライトスタンド AS-20,ニコンスピードライトスタンド AS-20[rn]
18-11266,http://tshop.r10s.jp/akibamac/cabinet/03183971/4960759025104.jpg?fitin=700:700,1176.0000,,TV・オーディオ・カメラ > アクセサリー・部品 > カメラ・ビデオカメラ・光学機器用アクセサリー > デジタルカメラ用アクセサリー > その他,ニコンアダプターリング SY-1-67,,一眼レフカメラアクセサリー：その他スピードライトアクセサリーアダプターリング　SY-1-67,ニコンアダプターリング SY-1-67：ソフマップ　デジタルコレクション,ソフマップ デジタルコレクションSofmap Digital CollectionパソコンタブレットPCHDDアセンブリパーツパソコンパーツテレビゲームブルーレイソフトDVDソフト液晶テレビブルーレイディスクレコーダーデジタル一眼レフカメラデジタルカメラ家電時計中古　ソフトアウトレット中古ノートパソコン中古パソコンニコンアダプターリング SY-1-67,ニコンアダプターリング SY-1-67[rn]
18-11267,http://tshop.r10s.jp/akibamac/cabinet/03499493/4960759139047.jpg?fitin=700:700,40544.0000,,TV・オーディオ・カメラ > アクセサリー・部品 > カメラ・ビデオカメラ・光学機器用アクセサリー > デジタルカメラ用アクセサリー > その他,【送料無料】Nikon/ニコンウォータープルーフケース WP-N2,,■水深40mまでの水圧に耐えられ、ケースの上からでもカメラの主要な操作がカンタンにできます。■新たにNikon 1 J3 / Nikon 1 S1では、ホワイトバランスの設定に「水中」が追加され、水中撮影に最適な色再現で静止画や動画を撮影することができます。■シーンに応じてフラッシュのON/OFFを使い分けることが可能になりました。水中でも、高速AFや高速連続撮影、動画撮影中の静止画撮影など、Nikon 1ならではの優れた性能・機能を使って撮影が楽しめます。■別売のシーアンドシー・サンパック社製水中用フラッシュYS-D1が使用可能です。＜使用可能レンズ＞1 NIKKOR VR 10-30mm f/3.5-5.6,【送料無料】Nikon/ニコンウォータープルーフケース WP-N2：ソフマップ　デジタルコレクション,ソフマップ デジタルコレクションSofmap Digital CollectionパソコンタブレットPCHDDアセンブリパーツパソコンパーツテレビゲームブルーレイソフトDVDソフト液晶テレビブルーレイディスクレコーダーデジタル一眼レフカメラデジタルカメラ家電時計中古　ソフトアウトレット中古ノートパソコン中古パソコン【送料無料】Nikon/ニコンウォータープルーフケース WP-N2,【送料無料】Nikon/ニコンウォータープルーフケース WP-N2[rn]
18-11268,http://tshop.r10s.jp/akibamac/cabinet/03237776/4960759124210.jpg?fitin=700:700,658.4000,,TV・オーディオ・カメラ > アクセサリー・部品 > カメラ・ビデオカメラ・光学機器用アクセサリー > デジタルカメラ用アクセサリー > その他,Nikon/ニコンLCDモニターカバー　BM-6,,アクセサリー：その他■ LCDモニターカバー■ ※ D200に付属,Nikon/ニコンLCDモニターカバー　BM-6：ソフマップ　デジタルコレクション,ソフマップ デジタルコレクションSofmap Digital CollectionパソコンタブレットPCHDDアセンブリパーツパソコンパーツテレビゲームブルーレイソフトDVDソフト液晶テレビブルーレイディスクレコーダーデジタル一眼レフカメラデジタルカメラ家電時計中古　ソフトアウトレット中古ノートパソコン中古パソコンNikon/ニコンLCDモニターカバー　BM-6,Nikon/ニコンLCDモニターカバー　BM-6[rn]
18-11269,http://tshop.r10s.jp/akibamac/cabinet/02225917/4960759131607.jpg?fitin=700:700,3424.0000,,TV・オーディオ・カメラ > アクセサリー・部品 > カメラ・ビデオカメラ・光学機器用アクセサリー > デジタルカメラ用アクセサリー > その他,Nikon/ニコン グリップ（ホワイト） GR-N2000,,ホールド性を向上させる、Nikon 1 J1用のグリップです。,Nikon/ニコン グリップ（ホワイト） GR-N2000：ソフマップ　デジタルコレクション,ソフマップ デジタルコレクションSofmap Digital CollectionパソコンタブレットPCHDDアセンブリパーツパソコンパーツテレビゲームブルーレイソフトDVDソフト液晶テレビブルーレイディスクレコーダーデジタル一眼レフカメラデジタルカメラ家電時計中古　ソフトアウトレット中古ノートパソコン中古パソコンNikon/ニコン グリップ（ホワイト） GR-N2000,Nikon/ニコン グリップ（ホワイト） GR-N2000[rn]
18-11270,http://tshop.r10s.jp/akibamac/cabinet/03659710/4549212274787.jpg?fitin=700:700,1944.0000,,TV・オーディオ・カメラ > アクセサリー・部品 > カメラ・ビデオカメラ・光学機器用アクセサリー > デジタルカメラ用アクセサリー > その他,PENTAX/ペンタックス  レンズケース P70-150,,「HD PENTAX-DA 20-40mmF2.8-4ED Limited DC WR」用レンズケース,PENTAX/ペンタックス  レンズケース P70-150：ソフマップ　デジタルコレクション,ソフマップ デジタルコレクションSofmap Digital CollectionパソコンタブレットPCHDDアセンブリパーツパソコンパーツテレビゲームブルーレイソフトDVDソフト液晶テレビブルーレイディスクレコーダーデジタル一眼レフカメラデジタルカメラ家電時計中古　ソフトアウトレット中古ノートパソコン中古パソコンPENTAX/ペンタックス  レンズケース P70-150,PENTAX/ペンタックス  レンズケース P70-150[rn]
18-11271,http://tshop.r10s.jp/akibamac/cabinet/03954490/now_printing.gif?fitin=700:700,504.0000,,TV・オーディオ・カメラ > アクセサリー・部品 > カメラ・ビデオカメラ・光学機器用アクセサリー > デジタルカメラ用アクセサリー > その他,富士フイルム62mm用レンズキャップ FLCP-62,,62mm用のレンズキャップです。,富士フイルム62mm用レンズキャップ FLCP-62：ソフマップ　デジタルコレクション,ソフマップ デジタルコレクションSofmap Digital CollectionパソコンタブレットPCHDDアセンブリパーツパソコンパーツテレビゲームブルーレイソフトDVDソフト液晶テレビブルーレイディスクレコーダーデジタル一眼レフカメラデジタルカメラ家電時計中古　ソフトアウトレット中古ノートパソコン中古パソコン富士フイルム62mm用レンズキャップ FLCP-62,富士フイルム62mm用レンズキャップ FLCP-62[rn]
18-11272,http://tshop.r10s.jp/akibamac/cabinet/02225917/4547410219982.jpg?fitin=700:700,16081.6000,,TV・オーディオ・カメラ > アクセサリー・部品 > カメラ・ビデオカメラ・光学機器用アクセサリー > デジタルカメラ用アクセサリー > その他,【送料無料】FUJIFILM/富士フィルム フジフイルム Mマウントアダプター,,Mマウントレンズの性能を最大限に引き出し、「FUJIFILM X-Pro1」の高画質を楽しめる、FUJIFILM Xマウント用 純正「フジフイルム Mマウントアダプター」。※使用されるレンズが装着可能かどうか、メーカーホームページの対応表で必ずご確認ください。,【送料無料】FUJIFILM/富士フィルム フジフイルム Mマウントアダプター：ソフマップ　デジタルコレクション,ソフマップ デジタルコレクションSofmap Digital CollectionパソコンタブレットPCHDDアセンブリパーツパソコンパーツテレビゲームブルーレイソフトDVDソフト液晶テレビブルーレイディスクレコーダーデジタル一眼レフカメラデジタルカメラ家電時計中古　ソフトアウトレット中古ノートパソコン中古パソコン【送料無料】FUJIFILM/富士フィルム フジフイルム Mマウントアダプター,【送料無料】FUJIFILM/富士フィルム フジフイルム Mマウントアダプター[rn]
18-11273,http://tshop.r10s.jp/akibamac/cabinet/03237776/4547410026153.jpg?fitin=700:700,1648.0000,,TV・オーディオ・カメラ > アクセサリー・部品 > カメラ・ビデオカメラ・光学機器用アクセサリー > デジタルカメラ用アクセサリー > その他,FUJIFILM/富士フイルムDCカプラー CP-45,,FinePix Z100fd用DCカプラーです。,FUJIFILM/富士フイルムDCカプラー CP-45：ソフマップ　デジタルコレクション,ソフマップ デジタルコレクションSofmap Digital CollectionパソコンタブレットPCHDDアセンブリパーツパソコンパーツテレビゲームブルーレイソフトDVDソフト液晶テレビブルーレイディスクレコーダーデジタル一眼レフカメラデジタルカメラ家電時計中古　ソフトアウトレット中古ノートパソコン中古パソコンFUJIFILM/富士フイルムDCカプラー CP-45,FUJIFILM/富士フイルムDCカプラー CP-45[rn]
18-11274,http://tshop.r10s.jp/akibamac/cabinet/04960162/4547410325331.jpg?fitin=700:700,25976.8000,,TV・オーディオ・カメラ > アクセサリー・部品 > カメラ・ビデオカメラ・光学機器用アクセサリー > デジタルカメラ用アクセサリー > その他,【送料無料】フジフイルム 縦位置パワーブースターグリップ　VPB-XT2,,「FUJIFILM X-T2」に対応した縦位置パワーブースターグリップ。防塵・防滴・耐低温-10℃対応。バッテリーを2個装填でき、カメラボディと合わせて計3個のバッテリーで、撮影枚数は最大約1000枚（ノーマルモード）に増加します。,【送料無料】フジフイルム 縦位置パワーブースターグリップ　VPB-XT2：ソフマップ　デジタルコレクション,ソフマップ デジタルコレクションSofmap Digital CollectionパソコンタブレットPCHDDアセンブリパーツパソコンパーツテレビゲームブルーレイソフトDVDソフト液晶テレビブルーレイディスクレコーダーデジタル一眼レフカメラデジタルカメラ家電時計中古　ソフトアウトレット中古ノートパソコン中古パソコン【送料無料】フジフイルム 縦位置パワーブースターグリップ　VPB-XT2,【送料無料】フジフイルム 縦位置パワーブースターグリップ　VPB-XT2[rn]
18-11275,http://tshop.r10s.jp/akibamac/cabinet/04927126/4547410342802.jpg?fitin=700:700,4960.0000,,TV・オーディオ・カメラ > アクセサリー・部品 > カメラ・ビデオカメラ・光学機器用アクセサリー > デジタルカメラ用アクセサリー > その他,【送料無料】フジフイルム プロテクトフィルター PRF-46,,フィルター径46mm用のプロテクトフィルターです。,【送料無料】フジフイルム プロテクトフィルター PRF-46：ソフマップ　デジタルコレクション,ソフマップ デジタルコレクションSofmap Digital CollectionパソコンタブレットPCHDDアセンブリパーツパソコンパーツテレビゲームブルーレイソフトDVDソフト液晶テレビブルーレイディスクレコーダーデジタル一眼レフカメラデジタルカメラ家電時計中古　ソフトアウトレット中古ノートパソコン中古パソコン【送料無料】フジフイルム プロテクトフィルター PRF-46,【送料無料】フジフイルム プロテクトフィルター PRF-46[rn]
18-11276,http://tshop.r10s.jp/akibamac/cabinet/03183971/4960371900759.jpg?fitin=700:700,442.4000,,TV・オーディオ・カメラ > アクセサリー・部品 > カメラ・ビデオカメラ・光学機器用アクセサリー > デジタルカメラ用アクセサリー > その他,タムロンレンズフロントキャップ 72mm C1FF,,レンズフロントキャップです。,タムロンレンズフロントキャップ 72mm C1FF：ソフマップ　デジタルコレクション,ソフマップ デジタルコレクションSofmap Digital CollectionパソコンタブレットPCHDDアセンブリパーツパソコンパーツテレビゲームブルーレイソフトDVDソフト液晶テレビブルーレイディスクレコーダーデジタル一眼レフカメラデジタルカメラ家電時計中古　ソフトアウトレット中古ノートパソコン中古パソコンタムロンレンズフロントキャップ 72mm C1FF,タムロンレンズフロントキャップ 72mm C1FF[rn]
18-11277,http://tshop.r10s.jp/akibamac/cabinet/01786139/4960999441009.jpg?fitin=700:700,2022.4000,,TV・オーディオ・カメラ > アクセサリー・部品 > カメラ・ビデオカメラ・光学機器用アクセサリー > デジタルカメラ用アクセサリー > その他,キヤノン レンズフード　EW-78D,,■画角外からの不要な光を遮り、画質劣化の原因となるフレアやゴーストを防ぐレンズフード■レンズに合わせた最適な形状で、快適な撮影環境をつくりだします■対応レンズ： EF28-200mm F3.5-5.6 USM/EF-S18-200mm F3.5-5.6 IS,キヤノン レンズフード　EW-78D：ソフマップ　デジタルコレクション,ソフマップ デジタルコレクションSofmap Digital CollectionパソコンタブレットPCHDDアセンブリパーツパソコンパーツテレビゲームブルーレイソフトDVDソフト液晶テレビブルーレイディスクレコーダーデジタル一眼レフカメラデジタルカメラ家電時計中古　ソフトアウトレット中古ノートパソコン中古パソコンキヤノン レンズフード　EW-78D,キヤノン レンズフード　EW-78D[rn]
18-11278,http://tshop.r10s.jp/akibamac/cabinet/03183971/4960999417264.jpg?fitin=700:700,14437.6000,,TV・オーディオ・カメラ > アクセサリー・部品 > カメラ・ビデオカメラ・光学機器用アクセサリー > デジタルカメラ用アクセサリー > その他,【送料無料】キヤノンSB-E2(スピードライトブラケット),,スピードライト580EX2、580EX、430EXをカメラ側面に装着するためのブラケットです。,【送料無料】キヤノンSB-E2(スピードライトブラケット)：ソフマップ　デジタルコレクション,ソフマップ デジタルコレクションSofmap Digital CollectionパソコンタブレットPCHDDアセンブリパーツパソコンパーツテレビゲームブルーレイソフトDVDソフト液晶テレビブルーレイディスクレコーダーデジタル一眼レフカメラデジタルカメラ家電時計中古　ソフトアウトレット中古ノートパソコン中古パソコン【送料無料】キヤノンSB-E2(スピードライトブラケット),【送料無料】キヤノンSB-E2(スピードライトブラケット)[rn]
18-11279,http://tshop.r10s.jp/akibamac/cabinet/04927126/7392544547527.jpg?fitin=700:700,9600.0000,,TV・オーディオ・カメラ > アクセサリー・部品 > カメラ・ビデオカメラ・光学機器用アクセサリー > デジタルカメラ用アクセサリー > その他,【送料無料】ハッセルブラッド リチャージャブルバッテリー 3200mAh（Xシステム用）　3054752,,ハッセルブラッド Xシステム用のリチャージャブルリチウムイオンバッテリー（7.2VDC/3200mAh）,【送料無料】ハッセルブラッド リチャージャブルバッテリー 3200mAh（Xシステム用）　3054752：ソフマップ　デジタルコレクション,ソフマップ デジタルコレクションSofmap Digital CollectionパソコンタブレットPCHDDアセンブリパーツパソコンパーツテレビゲームブルーレイソフトDVDソフト液晶テレビブルーレイディスクレコーダーデジタル一眼レフカメラデジタルカメラ家電時計中古　ソフトアウトレット中古ノートパソコン中古パソコン【送料無料】ハッセルブラッド リチャージャブルバッテリー 3200mAh（Xシステム用）　3054752,【送料無料】ハッセルブラッド リチャージャブルバッテリー 3200mAh（Xシステム用）　3054752[rn]
18-11280,http://tshop.r10s.jp/akibamac/cabinet/03183971/4549292012422.jpg?fitin=700:700,726.4000,,TV・オーディオ・カメラ > アクセサリー・部品 > カメラ・ビデオカメラ・光学機器用アクセサリー > デジタルカメラ用アクセサリー > その他,キヤノンフロート FT-DC1,,PowerShot D30対応のフロートです。,キヤノンフロート FT-DC1：ソフマップ　デジタルコレクション,ソフマップ デジタルコレクションSofmap Digital CollectionパソコンタブレットPCHDDアセンブリパーツパソコンパーツテレビゲームブルーレイソフトDVDソフト液晶テレビブルーレイディスクレコーダーデジタル一眼レフカメラデジタルカメラ家電時計中古　ソフトアウトレット中古ノートパソコン中古パソコンキヤノンフロート FT-DC1,キヤノンフロート FT-DC1[rn]
18-11281,http://tshop.r10s.jp/akibamac/cabinet/02225917/4960999848808.jpg?fitin=700:700,15400.0000,,TV・オーディオ・カメラ > アクセサリー・部品 > カメラ・ビデオカメラ・光学機器用アクセサリー > デジタルカメラ用アクセサリー > その他,【送料無料】Canon/キヤノンGPSレシーバー　GP-E1,,■撮影画像に緯度、経度、標高、UTC時刻（協定世界時）などの情報を取得、画像に付加。■ネイチャーフォトや航空写真、船上での撮影はもちろん、オリンピックのように複数の会場で実施される大会、マラソンのように移動を伴う競技などで、GPS情報に基づく画像管理を可能にします。■また、電子コンパスを搭載しているため、撮影時の方位も記録できます。■防塵・防滴構造です。,【送料無料】Canon/キヤノンGPSレシーバー　GP-E1：ソフマップ　デジタルコレクション,ソフマップ デジタルコレクションSofmap Digital CollectionパソコンタブレットPCHDDアセンブリパーツパソコンパーツテレビゲームブルーレイソフトDVDソフト液晶テレビブルーレイディスクレコーダーデジタル一眼レフカメラデジタルカメラ家電時計中古　ソフトアウトレット中古ノートパソコン中古パソコン【送料無料】Canon/キヤノンGPSレシーバー　GP-E1,【送料無料】Canon/キヤノンGPSレシーバー　GP-E1[rn]
18-11282,http://tshop.r10s.jp/akibamac/cabinet/04220583/4960999440217.jpg?fitin=700:700,1304.0000,,TV・オーディオ・カメラ > アクセサリー・部品 > カメラ・ビデオカメラ・光学機器用アクセサリー > デジタルカメラ用アクセサリー > その他,キヤノンレンズフード EW-68A,,「EF 28-70mm F3.5-4.5」「EF 28-70mm F3.5-4.5 II」用のレンズフードです。,キヤノンレンズフード EW-68A：ソフマップ　デジタルコレクション,ソフマップ デジタルコレクションSofmap Digital CollectionパソコンタブレットPCHDDアセンブリパーツパソコンパーツテレビゲームブルーレイソフトDVDソフト液晶テレビブルーレイディスクレコーダーデジタル一眼レフカメラデジタルカメラ家電時計中古　ソフトアウトレット中古ノートパソコン中古パソコンキヤノンレンズフード EW-68A,キヤノンレンズフード EW-68A[rn]
18-11283,http://tshop.r10s.jp/akibamac/cabinet/03183971/4960999505442.jpg?fitin=700:700,533.6000,,TV・オーディオ・カメラ > アクセサリー・部品 > カメラ・ビデオカメラ・光学機器用アクセサリー > デジタルカメラ用アクセサリー > その他,キヤノン視度補正レンズE+1,,近視や遠視の方でも眼鏡なしの撮影が楽しめる視度補正レンズです。,キヤノン視度補正レンズE+1：ソフマップ　デジタルコレクション,ソフマップ デジタルコレクションSofmap Digital CollectionパソコンタブレットPCHDDアセンブリパーツパソコンパーツテレビゲームブルーレイソフトDVDソフト液晶テレビブルーレイディスクレコーダーデジタル一眼レフカメラデジタルカメラ家電時計中古　ソフトアウトレット中古ノートパソコン中古パソコンキヤノン視度補正レンズE+1,キヤノン視度補正レンズE+1[rn]
18-11284,http://tshop.r10s.jp/akibamac/cabinet/04220583/4960371400884.jpg?fitin=700:700,3048.0000,,TV・オーディオ・カメラ > アクセサリー・部品 > カメラ・ビデオカメラ・光学機器用アクセサリー > デジタルカメラ用アクセサリー > その他,TAMRONレンズフード HA010 （Model A010用）,,28-300mm F/3.5-6.3 Di VC PZD用のレンズフードです。,TAMRONレンズフード HA010 （Model A010用）：ソフマップ　デジタルコレクション,ソフマップ デジタルコレクションSofmap Digital CollectionパソコンタブレットPCHDDアセンブリパーツパソコンパーツテレビゲームブルーレイソフトDVDソフト液晶テレビブルーレイディスクレコーダーデジタル一眼レフカメラデジタルカメラ家電時計中古　ソフトアウトレット中古ノートパソコン中古パソコンTAMRONレンズフード HA010 （Model A010用）,TAMRONレンズフード HA010 （Model A010用）[rn]
18-11285,http://tshop.r10s.jp/akibamac/cabinet/03183971/4960999470849.jpg?fitin=700:700,1344.0000,,TV・オーディオ・カメラ > アクセサリー・部品 > カメラ・ビデオカメラ・光学機器用アクセサリー > デジタルカメラ用アクセサリー > その他,キヤノンレンズポーチ LP1019,,EFレンズ用レンズポーチ。,キヤノンレンズポーチ LP1019：ソフマップ　デジタルコレクション,ソフマップ デジタルコレクションSofmap Digital CollectionパソコンタブレットPCHDDアセンブリパーツパソコンパーツテレビゲームブルーレイソフトDVDソフト液晶テレビブルーレイディスクレコーダーデジタル一眼レフカメラデジタルカメラ家電時計中古　ソフトアウトレット中古ノートパソコン中古パソコンキヤノンレンズポーチ LP1019,キヤノンレンズポーチ LP1019[rn]
18-11286,http://tshop.r10s.jp/akibamac/cabinet/03360198/4961333057955.jpg?fitin=700:700,2944.0000,,TV・オーディオ・カメラ > アクセサリー・部品 > カメラ・ビデオカメラ・光学機器用アクセサリー > デジタルカメラ用アクセサリー > その他,ペンタックス ケーブルスイッチ　CS-205,,■ペンタックスのデジタル一眼レフのレリーズソケットに装着して、カメラのシャッター操作を行います。マクロ撮影・望遠レンズ装着での撮影時に使用することでブレを防止できます。■シャッターボタンを軽く押すとカメラの露出計やオートフォーカスのスイッチが入り、さらに押し込むとシャッターが切れます。ケーブル長約50cm。■バルブ撮影で長時間露出する際には、シャッターボタンを押しながら同シャッターボタンを「HOLD」側にずらします。「HOLD」側にある間、シャッターボタンは開き続けます。適合機種：デジタル一眼レフ、*ist（K-r、K-x、K-mには適合しません）,ペンタックス ケーブルスイッチ　CS-205：ソフマップ　デジタルコレクション,ソフマップ デジタルコレクションSofmap Digital CollectionパソコンタブレットPCHDDアセンブリパーツパソコンパーツテレビゲームブルーレイソフトDVDソフト液晶テレビブルーレイディスクレコーダーデジタル一眼レフカメラデジタルカメラ家電時計中古　ソフトアウトレット中古ノートパソコン中古パソコンペンタックス ケーブルスイッチ　CS-205,ペンタックス ケーブルスイッチ　CS-205[rn]
18-11287,http://tshop.r10s.jp/akibamac/cabinet/03183971/4955478177272.jpg?fitin=700:700,21511.2000,,TV・オーディオ・カメラ > アクセサリー・部品 > カメラ・ビデオカメラ・光学機器用アクセサリー > デジタルカメラ用アクセサリー > その他,【送料無料】Nikonシューティングマスター ショルダーバッグL（ブラック） SMSL,,防弾チョッキにも使われる生地の採用をはじめとした、カメラを守るためのこだわりを追求。フィールドでの使いやすさを追求し、堅牢性を高め、すぐれた撥水性を実現した「シューティングマスター」。,【送料無料】Nikonシューティングマスター ショルダーバッグL（ブラック） SMSL：ソフマップ　デジタルコレクション,ソフマップ デジタルコレクションSofmap Digital CollectionパソコンタブレットPCHDDアセンブリパーツパソコンパーツテレビゲームブルーレイソフトDVDソフト液晶テレビブルーレイディスクレコーダーデジタル一眼レフカメラデジタルカメラ家電時計中古　ソフトアウトレット中古ノートパソコン中古パソコン【送料無料】Nikonシューティングマスター ショルダーバッグL（ブラック） SMSL,【送料無料】Nikonシューティングマスター ショルダーバッグL（ブラック） SMSL[rn]
18-11288,http://tshop.r10s.jp/akibamac/cabinet/03089492/4960759136947.jpg?fitin=700:700,1248.0000,,TV・オーディオ・カメラ > アクセサリー・部品 > カメラ・ビデオカメラ・光学機器用アクセサリー > デジタルカメラ用アクセサリー > その他,Nikon/ニコンパワーコネクター　EP-5D,,Nikon 1 V2とACアダプターEH-5b（別売）を接続する際に使用するコネクターです。,Nikon/ニコンパワーコネクター　EP-5D：ソフマップ　デジタルコレクション,ソフマップ デジタルコレクションSofmap Digital CollectionパソコンタブレットPCHDDアセンブリパーツパソコンパーツテレビゲームブルーレイソフトDVDソフト液晶テレビブルーレイディスクレコーダーデジタル一眼レフカメラデジタルカメラ家電時計中古　ソフトアウトレット中古ノートパソコン中古パソコンNikon/ニコンパワーコネクター　EP-5D,Nikon/ニコンパワーコネクター　EP-5D[rn]
18-11289,http://tshop.r10s.jp/akibamac/cabinet/03183971/4960759008596.jpg?fitin=700:700,904.0000,,TV・オーディオ・カメラ > アクセサリー・部品 > カメラ・ビデオカメラ・光学機器用アクセサリー > デジタルカメラ用アクセサリー > その他,ニコンかぶせ式レンズフード HK-2,,かぶせフード、24mmF2S用です。,ニコンかぶせ式レンズフード HK-2：ソフマップ　デジタルコレクション,ソフマップ デジタルコレクションSofmap Digital CollectionパソコンタブレットPCHDDアセンブリパーツパソコンパーツテレビゲームブルーレイソフトDVDソフト液晶テレビブルーレイディスクレコーダーデジタル一眼レフカメラデジタルカメラ家電時計中古　ソフトアウトレット中古ノートパソコン中古パソコンニコンかぶせ式レンズフード HK-2,ニコンかぶせ式レンズフード HK-2[rn]
18-11290,http://tshop.r10s.jp/akibamac/cabinet/02225917/4960759129208.jpg?fitin=700:700,1232.0000,,TV・オーディオ・カメラ > アクセサリー・部品 > カメラ・ビデオカメラ・光学機器用アクセサリー > デジタルカメラ用アクセサリー > その他,Nikon/ニコンバッテリー室カバー　BL-6,,Li-ionリチャージャブルバッテリー EN-EL18を使用する時に組み合わせるバッテリー室カバーです。※D4標準付属品,Nikon/ニコンバッテリー室カバー　BL-6：ソフマップ　デジタルコレクション,ソフマップ デジタルコレクションSofmap Digital CollectionパソコンタブレットPCHDDアセンブリパーツパソコンパーツテレビゲームブルーレイソフトDVDソフト液晶テレビブルーレイディスクレコーダーデジタル一眼レフカメラデジタルカメラ家電時計中古　ソフトアウトレット中古ノートパソコン中古パソコンNikon/ニコンバッテリー室カバー　BL-6,Nikon/ニコンバッテリー室カバー　BL-6[rn]
18-11291,http://tshop.r10s.jp/akibamac/cabinet/03183971/4960759023629.jpg?fitin=700:700,748.8000,,TV・オーディオ・カメラ > アクセサリー・部品 > カメラ・ビデオカメラ・光学機器用アクセサリー > デジタルカメラ用アクセサリー > その他,ニコンレンズキャップ77mm LC-77 （スプリング式）,,77mmのレンズキャップ。フードを着けたままでも取り外しが可能なタイプです。,ニコンレンズキャップ77mm LC-77 （スプリング式）：ソフマップ　デジタルコレクション,ソフマップ デジタルコレクションSofmap Digital CollectionパソコンタブレットPCHDDアセンブリパーツパソコンパーツテレビゲームブルーレイソフトDVDソフト液晶テレビブルーレイディスクレコーダーデジタル一眼レフカメラデジタルカメラ家電時計中古　ソフトアウトレット中古ノートパソコン中古パソコンニコンレンズキャップ77mm LC-77 （スプリング式）,ニコンレンズキャップ77mm LC-77 （スプリング式）[rn]
18-11292,http://tshop.r10s.jp/akibamac/cabinet/03183971/4960759023841.jpg?fitin=700:700,1976.0000,,TV・オーディオ・カメラ > アクセサリー・部品 > カメラ・ビデオカメラ・光学機器用アクセサリー > デジタルカメラ用アクセサリー > その他,ニコンF6用 ファインダースクリーンU型 （望遠用マット式）,,ニコン一眼レフカメラ「F6」用ファインダースクリーンです。,ニコンF6用 ファインダースクリーンU型 （望遠用マット式）：ソフマップ　デジタルコレクション,ソフマップ デジタルコレクションSofmap Digital CollectionパソコンタブレットPCHDDアセンブリパーツパソコンパーツテレビゲームブルーレイソフトDVDソフト液晶テレビブルーレイディスクレコーダーデジタル一眼レフカメラデジタルカメラ家電時計中古　ソフトアウトレット中古ノートパソコン中古パソコンニコンF6用 ファインダースクリーンU型 （望遠用マット式）,ニコンF6用 ファインダースクリーンU型 （望遠用マット式）[rn]
18-11293,http://tshop.r10s.jp/akibamac/cabinet/03183971/4960759022691.jpg?fitin=700:700,1416.0000,,TV・オーディオ・カメラ > アクセサリー・部品 > カメラ・ビデオカメラ・光学機器用アクセサリー > デジタルカメラ用アクセサリー > その他,ニコンAF-4用アダプター（67mm）,,AF-4用アダプター 67mm,ニコンAF-4用アダプター（67mm）：ソフマップ　デジタルコレクション,ソフマップ デジタルコレクションSofmap Digital CollectionパソコンタブレットPCHDDアセンブリパーツパソコンパーツテレビゲームブルーレイソフトDVDソフト液晶テレビブルーレイディスクレコーダーデジタル一眼レフカメラデジタルカメラ家電時計中古　ソフトアウトレット中古ノートパソコン中古パソコンニコンAF-4用アダプター（67mm）,ニコンAF-4用アダプター（67mm）[rn]
18-11294,http://tshop.r10s.jp/akibamac/cabinet/03237776/4549212214042.jpg?fitin=700:700,4452.0000,,TV・オーディオ・カメラ > アクセサリー・部品 > カメラ・ビデオカメラ・光学機器用アクセサリー > デジタルカメラ用アクセサリー > その他,【送料無料】ペンタックス 充電式リチウムイオン電池 D-LI90P,,充電式リチウムイオン電池です。本体標準同梱品。,【送料無料】ペンタックス 充電式リチウムイオン電池 D-LI90P：ソフマップ　デジタルコレクション,ソフマップ デジタルコレクションSofmap Digital CollectionパソコンタブレットPCHDDアセンブリパーツパソコンパーツテレビゲームブルーレイソフトDVDソフト液晶テレビブルーレイディスクレコーダーデジタル一眼レフカメラデジタルカメラ家電時計中古　ソフトアウトレット中古ノートパソコン中古パソコン【送料無料】ペンタックス 充電式リチウムイオン電池 D-LI90P,【送料無料】ペンタックス 充電式リチウムイオン電池 D-LI90P[rn]
18-11295,http://tshop.r10s.jp/akibamac/cabinet/02225917/4961333208838.jpg?fitin=700:700,10616.0000,,TV・オーディオ・カメラ > アクセサリー・部品 > カメラ・ビデオカメラ・光学機器用アクセサリー > デジタルカメラ用アクセサリー > その他,【送料無料】PENTAX/ペンタックス  01用外付け光学ファインダー O-VF1,,■標準単焦点レンズ「8.5mm F1.9 01 STANDARD PRIME」専用の外付け光学ファインダー。■屋外などの明るい場所でも視認性が高く、ファインダー像にタイムラグがないので、スナップ撮影などシャッターチャンスが重要な撮影に有効です。,【送料無料】PENTAX/ペンタックス  01用外付け光学ファインダー O-VF1：ソフマップ　デジタルコレクション,ソフマップ デジタルコレクションSofmap Digital CollectionパソコンタブレットPCHDDアセンブリパーツパソコンパーツテレビゲームブルーレイソフトDVDソフト液晶テレビブルーレイディスクレコーダーデジタル一眼レフカメラデジタルカメラ家電時計中古　ソフトアウトレット中古ノートパソコン中古パソコン【送料無料】PENTAX/ペンタックス  01用外付け光学ファインダー O-VF1,【送料無料】PENTAX/ペンタックス  01用外付け光学ファインダー O-VF1[rn]
18-11296,http://tshop.r10s.jp/akibamac/cabinet/01786139/4961333177257.jpg?fitin=700:700,3968.0000,,TV・オーディオ・カメラ > アクセサリー・部品 > カメラ・ビデオカメラ・光学機器用アクセサリー > デジタルカメラ用アクセサリー > その他,【送料無料】PENTAX/ペンタックス ACアダプター K-AC109J,,「K-r」対応ACアダプターです。,【送料無料】PENTAX/ペンタックス ACアダプター K-AC109J：ソフマップ　デジタルコレクション,ソフマップ デジタルコレクションSofmap Digital CollectionパソコンタブレットPCHDDアセンブリパーツパソコンパーツテレビゲームブルーレイソフトDVDソフト液晶テレビブルーレイディスクレコーダーデジタル一眼レフカメラデジタルカメラ家電時計中古　ソフトアウトレット中古ノートパソコン中古パソコン【送料無料】PENTAX/ペンタックス ACアダプター K-AC109J,【送料無料】PENTAX/ペンタックス ACアダプター K-AC109J[rn]
18-11297,http://tshop.r10s.jp/akibamac/cabinet/04082709/4549212293641.jpg?fitin=700:700,3126.4000,,TV・オーディオ・カメラ > アクセサリー・部品 > カメラ・ビデオカメラ・光学機器用アクセサリー > デジタルカメラ用アクセサリー > その他,PENTAX レンズケース HS110-230,,『HD PENTAX-D FA* 70-200mmF2.8ED DC AW』対応のレンズケース。,PENTAX レンズケース HS110-230：ソフマップ　デジタルコレクション,ソフマップ デジタルコレクションSofmap Digital CollectionパソコンタブレットPCHDDアセンブリパーツパソコンパーツテレビゲームブルーレイソフトDVDソフト液晶テレビブルーレイディスクレコーダーデジタル一眼レフカメラデジタルカメラ家電時計中古　ソフトアウトレット中古ノートパソコン中古パソコンPENTAX レンズケース HS110-230,PENTAX レンズケース HS110-230[rn]
18-11298,http://tshop.r10s.jp/akibamac/cabinet/02225917/4961333141500.jpg?fitin=700:700,3304.0000,,TV・オーディオ・カメラ > アクセサリー・部品 > カメラ・ビデオカメラ・光学機器用アクセサリー > デジタルカメラ用アクセサリー > その他,PENTAX/ペンタックス フード　PH-RBK77,,レンズフード,PENTAX/ペンタックス フード　PH-RBK77：ソフマップ　デジタルコレクション,ソフマップ デジタルコレクションSofmap Digital CollectionパソコンタブレットPCHDDアセンブリパーツパソコンパーツテレビゲームブルーレイソフトDVDソフト液晶テレビブルーレイディスクレコーダーデジタル一眼レフカメラデジタルカメラ家電時計中古　ソフトアウトレット中古ノートパソコン中古パソコンPENTAX/ペンタックス フード　PH-RBK77,PENTAX/ペンタックス フード　PH-RBK77[rn]
18-11299,http://tshop.r10s.jp/akibamac/cabinet/03183971/4961333129850.jpg?fitin=700:700,3152.0000,,TV・オーディオ・カメラ > アクセサリー・部品 > カメラ・ビデオカメラ・光学機器用アクセサリー > デジタルカメラ用アクセサリー > その他,PENTAXレンズフード PH-RBK67,,適合機種：DA*50-135mm、DA*60-250mm 用,PENTAXレンズフード PH-RBK67：ソフマップ　デジタルコレクション,ソフマップ デジタルコレクションSofmap Digital CollectionパソコンタブレットPCHDDアセンブリパーツパソコンパーツテレビゲームブルーレイソフトDVDソフト液晶テレビブルーレイディスクレコーダーデジタル一眼レフカメラデジタルカメラ家電時計中古　ソフトアウトレット中古ノートパソコン中古パソコンPENTAXレンズフード PH-RBK67,PENTAXレンズフード PH-RBK67[rn]
18-11300,http://tshop.r10s.jp/akibamac/cabinet/03183971/4548182146483.jpg?fitin=700:700,10392.8000,,TV・オーディオ・カメラ > アクセサリー・部品 > カメラ・ビデオカメラ・光学機器用アクセサリー > デジタルカメラ用アクセサリー > その他,【送料無料】LeicaハンドグリップM用フィンガーループ L 14648,,「フィンガーループ」は、S、M、Lとサイズも豊富で、カメラとレンズをより安全に安定性を高めて取り扱うことが可能です。,【送料無料】LeicaハンドグリップM用フィンガーループ L 14648：ソフマップ　デジタルコレクション,ソフマップ デジタルコレクションSofmap Digital CollectionパソコンタブレットPCHDDアセンブリパーツパソコンパーツテレビゲームブルーレイソフトDVDソフト液晶テレビブルーレイディスクレコーダーデジタル一眼レフカメラデジタルカメラ家電時計中古　ソフトアウトレット中古ノートパソコン中古パソコン【送料無料】LeicaハンドグリップM用フィンガーループ L 14648,【送料無料】LeicaハンドグリップM用フィンガーループ L 14648[rn]
